site,harvest,cage,treatment,tile,tile.type,position,length,thickness,dry.mass,af.dry.mass,tissue.mass,ci,daily.ci
ML,Final,32,CC,624,Adult.cull,8,29.02,8.72,2.33,2.232,0.098,0.04390681,0.000354087
ML,Final,32,CC,624,Adult.cull,9,13.18,3.59,0.346,0.331,0.015,0.045317221,0.000365461
ML,Final,32,CC,624,Adult.cull,3,22.06,3.9,0.569,0.543,0.026,0.047882136,0.000386146
ML,Final,32,CC,624,Adult.cull,1,32.67,7.29,2.107,2.002,0.105,0.052447552,0.000422964
ML,Final,32,CC,77,Adult.cull,9,25.86,6.4,1.459,1.383,0.076,0.054953001,0.000443169
ML,Final,32,CC,624,Adult.cull,5,34.35,8.55,2.223,2.105,0.118,0.056057007,0.000452073
ML,Final,32,CC,439,Adult.cull,5,36.35,9.93,2.75,2.591,0.159,0.061366268,0.000494889
ML,Final,32,CC,77,Adult.cull,2,30.58,6.52,1.377,1.295,0.082,0.063320463,0.000510649
ML,Final,32,CC,439,Adult.cull,10,38.74,10.87,3.6,3.385,0.215,0.06351551,0.000512222
ML,Final,36,CC,484,Adult.cull,4,32.05,6.51,1.564,1.47,0.094,0.063945578,0.00051569
ML,Final,32,CC,624,Adult.cull,7,41.05,11.66,3.377,3.173,0.204,0.064292468,0.000518488
ML,Final,36,CC,484,Adult.cull,7,36.76,6.59,2.464,2.315,0.149,0.064362851,0.000519055
ML,Final,32,CC,77,Adult.cull,7,19.86,3.67,0.296,0.278,0.018,0.064748201,0.000522163
ML,Final,32,CC,439,Adult.cull,2,38.01,7.1,2.078,1.951,0.127,0.065094823,0.000524958
ML,Final,32,CC,439,Adult.cull,6,35.85,9.53,2.355,2.209,0.146,0.066093255,0.00053301
ML,Final,32,CC,439,Adult.cull,7,37.96,8.9,1.798,1.683,0.115,0.068330362,0.000551051
ML,Final,36,CC,484,Adult.cull,5,22.05,6.6,1.091,1.021,0.07,0.068560235,0.000552905
ML,Final,32,CC,624,Adult.cull,6,43.88,9.31,2.819,2.636,0.183,0.069423369,0.000559866
ML,Final,36,CC,484,Adult.cull,6,40.31,6.73,2.389,2.229,0.16,0.071781068,0.00057888
ML,Final,32,CC,624,Adult.cull,10,27.51,7.65,1.67,1.558,0.112,0.071887035,0.000579734
ML,Final,32,CC,439,Adult.cull,9,35.21,10.12,1.559,1.454,0.105,0.07221458,0.000582376
ML,Final,32,CC,77,Adult.cull,3,36.32,5.13,1.591,1.483,0.108,0.072825354,0.000587301
ML,Final,32,CC,439,Adult.cull,3,44.64,8.17,2.941,2.739,0.202,0.073749544,0.000594754
ML,Final,36,CC,550,Adult.cull,10,25.43,6.11,1.029,0.955,0.074,0.077486911,0.000624894
ML,Final,32,CC,439,Adult.cull,1,39.97,7.71,2.492,2.312,0.18,0.077854671,0.00062786
ML,Final,36,CC,550,Adult.cull,5,30.82,7.11,1.656,1.534,0.122,0.079530639,0.000641376
ML,Final,32,CC,77,Adult.cull,8,29.25,5.7,1.023,0.945,0.078,0.082539683,0.000665643
ML,Final,36,CC,550,Adult.cull,5,32.13,5.83,1.441,1.327,0.114,0.085908063,0.000692807
ML,Final,36,CC,550,Adult.cull,7,33.21,5.45,1.575,1.45,0.125,0.086206897,0.000695217
ML,Final,36,CC,484,Adult.cull,1,33.42,5.88,1.976,1.812,0.164,0.090507726,0.000729901
ML,Final,36,CC,550,Adult.cull,9,40.54,6.24,2.213,2.021,0.192,0.095002474,0.000766149
ML,Final,36,CC,484,Adult.cull,9,27.46,5.91,1.776,1.611,0.165,0.102420857,0.000825975
ML,Final,36,CC,484,Adult.cull,10,37.41,6.99,3.276,2.914,0.362,0.124227865,0.001001838
ML,Final,47,MC,7,Adult.cull,2,30.69,4.87,1.308,1.292,0.016,0.012383901,9.99E-05
ML,Final,47,MC,20,Adult.cull,4,35.64,6.2,1.893,1.844,0.049,0.026572668,0.000214296
ML,Final,28,MC,623,Adult.cull,8,33.55,7.42,2.447,2.382,0.065,0.027287993,0.000220064
ML,Final,28,MC,623,Adult.cull,3,24.09,5.87,1.073,1.038,0.035,0.03371869,0.000271925
ML,Final,28,MC,208,Adult.cull,1,30.78,6.01,1.741,1.672,0.069,0.041267943,0.000332806
ML,Final,28,MC,187,Adult.cull,10,23.54,4.61,0.796,0.763,0.033,0.043250328,0.000348793
ML,Final,28,MC,623,Adult.cull,4,31.87,5.94,1.19,1.137,0.053,0.046613896,0.000375919
ML,Final,47,MC,146,Adult.cull,2,39.78,7.28,3.057,2.919,0.138,0.047276465,0.000381262
ML,Final,28,MC,208,Adult.cull,6,31.4,6.41,1.451,1.385,0.066,0.04765343,0.000384302
ML,Final,28,MC,623,Adult.cull,9,29.69,5.55,1.151,1.098,0.053,0.048269581,0.000389271
ML,Final,47,MC,146,Adult.cull,10,28.99,6.87,1.45,1.382,0.068,0.049204052,0.000396807
ML,Final,47,MC,20,Adult.cull,6,21.24,5.97,0.763,0.726,0.037,0.050964187,0.000411002
ML,Final,28,MC,208,Adult.cull,3,30.57,6.36,1.602,1.524,0.078,0.051181102,0.000412751
ML,Final,28,MC,187,Adult.cull,3,32.08,6.67,1.777,1.688,0.089,0.052725118,0.000425203
ML,Final,47,MC,20,Adult.cull,8,30.65,7.16,1.596,1.514,0.082,0.054161162,0.000436784
ML,Final,28,MC,208,Adult.cull,5,35.37,7.12,2.602,2.468,0.134,0.054294976,0.000437863
ML,Final,28,MC,208,Adult.cull,2,38.9,4.46,2.096,1.988,0.108,0.054325956,0.000438113
ML,Final,28,MC,187,Adult.cull,9,24.59,5.76,1.234,1.169,0.065,0.05560308,0.000448412
ML,Final,47,MC,146,Adult.cull,5,32.41,11.04,1.952,1.849,0.103,0.055705787,0.00044924
ML,Final,47,MC,7,Adult.cull,7,26.71,4.07,1.002,0.949,0.053,0.055848261,0.000450389
ML,Final,28,MC,623,Adult.cull,5,29.4,5.93,1.475,1.396,0.079,0.056590258,0.000456373
ML,Final,47,MC,146,Adult.cull,6,34.45,10.79,2.925,2.768,0.157,0.056719653,0.000457417
ML,Final,28,MC,208,Adult.cull,9,22.29,5.74,1.215,1.147,0.068,0.059285092,0.000478106
ML,Final,28,MC,208,Adult.cull,8,28.54,7.21,1.911,1.804,0.107,0.059312639,0.000478328
ML,Final,28,MC,623,Adult.cull,2,33.08,5.57,1.479,1.396,0.083,0.059455587,0.000479481
ML,Final,47,MC,20,Adult.cull,3,32.88,6.5,1.255,1.183,0.072,0.060862215,0.000490824
ML,Final,47,MC,146,Adult.cull,9,40.46,7.67,2.712,2.556,0.156,0.061032864,0.000492201
ML,Final,28,MC,187,Adult.cull,2,33.91,5.51,1.747,1.645,0.102,0.062006079,0.000500049
ML,Final,47,MC,146,Adult.cull,1,41.44,6.9,3.579,3.367,0.212,0.062964063,0.000507775
ML,Final,47,MC,20,Adult.cull,5,23.51,6.24,2.201,2.07,0.131,0.063285024,0.000510363
ML,Final,47,MC,146,Adult.cull,7,42.43,10.09,3.683,3.463,0.22,0.063528732,0.000512328
ML,Final,47,MC,7,Adult.cull,5,31.86,7.42,1.084,1.019,0.065,0.063788027,0.00051442
ML,Final,47,MC,20,Adult.cull,10,19.36,4.28,0.428,0.402,0.026,0.064676617,0.000521586
ML,Final,47,MC,7,Adult.cull,10,31.57,6.22,2.315,2.172,0.143,0.065837937,0.000530951
ML,Final,28,MC,623,Adult.cull,6,24.89,5.94,1.035,0.971,0.064,0.065911432,0.000531544
ML,Final,47,MC,7,Adult.cull,6,40.1,10.16,2.565,2.404,0.161,0.066971714,0.000540094
ML,Final,28,MC,187,Adult.cull,5,34.84,7.08,2.177,2.039,0.138,0.067680235,0.000545808
ML,Final,28,MC,623,Adult.cull,7,22.01,4.99,0.188,0.176,0.012,0.068181818,0.000549853
ML,Final,47,MC,7,Adult.cull,4,35.91,7.17,2.329,2.179,0.15,0.068838917,0.000555153
ML,Final,47,MC,7,Adult.cull,9,26.66,5.47,1.746,1.63,0.116,0.071165644,0.000573916
ML,Final,28,MC,187,Adult.cull,1,43.02,6.62,3.327,3.098,0.229,0.073918657,0.000596118
ML,Final,28,MC,623,Adult.cull,10,30.11,6.73,1.59,1.479,0.111,0.07505071,0.000605248
ML,Final,47,MC,20,Adult.cull,1,37.56,6.55,2.111,1.957,0.154,0.078691875,0.000634612
ML,Final,28,MC,187,Adult.cull,6,22.36,5.08,0.813,0.753,0.06,0.079681275,0.000642591
ML,Final,47,MC,146,Adult.cull,4,46.83,6.11,3.833,3.548,0.285,0.080326945,0.000647798
ML,Final,47,MC,146,Adult.cull,8,47.43,8.91,3.329,3.067,0.262,0.085425497,0.000688915
ML,Final,28,MC,187,Adult.cull,4,32.81,6.31,1.993,1.759,0.234,0.133030131,0.001072824
ML,Final,47,MC,7,Adult.cull,8,30.64,6.88,1.969,1.71,0.259,0.151461988,0.001221468
ML,Final,37,MC+CC,517,Adult.cull,7,28.04,6.49,1.334,1.291,0.043,0.033307514,0.000268609
ML,Final,37,MC+CC,535,Adult.cull,3,36.4,6.14,2.65,2.53,0.12,0.04743083,0.000382507
ML,Final,37,MC+CC,494a,Adult.cull,3,36.47,6.33,1.678,1.592,0.086,0.054020101,0.000435646
ML,Final,37,MC+CC,517,Adult.cull,6,39.86,6.95,2.705,2.561,0.144,0.056228036,0.000453452
ML,Final,37,MC+CC,494a,Adult.cull,2,38.71,6.64,2.678,2.529,0.149,0.058916568,0.000475134
ML,Final,37,MC+CC,535,Adult.cull,6,20.67,6.03,1.244,1.172,0.072,0.061433447,0.000495431
ML,Final,37,MC+CC,517,Adult.cull,8,34.86,6.91,1.877,1.768,0.109,0.061651584,0.00049719
ML,Final,37,MC+CC,535,Adult.cull,2,30.18,8.55,1.986,1.868,0.118,0.063169165,0.000509429
ML,Final,37,MC+CC,517,Adult.cull,9,38.03,10.07,4.189,3.939,0.25,0.063467885,0.000511838
ML,Final,37,MC+CC,535,Adult.cull,7,38.3,8.72,2.542,2.39,0.152,0.063598326,0.00051289
ML,Final,37,MC+CC,535,Adult.cull,4,36.36,11.12,3.456,3.249,0.207,0.063711911,0.000513806
ML,Final,37,MC+CC,494a,Adult.cull,5,36.68,9.5,3.061,2.875,0.186,0.064695652,0.000521739
ML,Final,37,MC+CC,535,Adult.cull,9,33.97,7.13,2.548,2.366,0.182,0.076923077,0.000620347
ML,Final,37,MC+CC,517,Adult.cull,2,40.08,6.35,2.996,2.775,0.221,0.07963964,0.000642255
ML,Final,37,MC+CC,517,Adult.cull,5,47.82,7.68,4.07,3.768,0.302,0.08014862,0.00064636
ML,Final,37,MC+CC,494a,Adult.cull,6,39.06,8.95,2.877,2.595,0.282,0.10867052,0.000876375
ML,Final,37,MC+CC,494a,Adult.cull,10,35.11,6.12,2.05,1.835,0.215,0.117166213,0.000944889
ML,Final,37,MC+CC,494a,Adult.cull,1,38.28,7,2.716,2.377,0.339,0.142616744,0.001150135
ML,Final,37,MC+CC,535,Adult.cull,5,40.18,6.83,3.275,2.722,0.553,0.203159442,0.001638383
ML,Final,37,MC+CC,494a,Adult.cull,4,51.32,8.35,7.238,5.829,1.409,0.241722422,0.001949374
ML,Final,39,NP,433,Adult.cull,9,26.1,6.85,1.108,1.074,0.034,0.031657356,0.000255301
ML,Final,26,NP,595,Adult.cull,9,22.21,3.45,0.354,0.343,0.011,0.032069971,0.000258629
ML,Final,45,NP,64,Adult.cull,3,41.13,8.92,2.47,2.368,0.102,0.043074324,0.000347374
ML,Final,45,NP,442,Adult.cull,7,34.6,8.58,2.013,1.929,0.084,0.043545879,0.000351176
ML,Final,39,NP,433,Adult.cull,7,25,6.95,1.023,0.979,0.044,0.04494382,0.00036245
ML,Final,45,NP,64,Adult.cull,8,41.61,8.6,4.226,4.043,0.183,0.045263418,0.000365028
ML,Final,26,NP,610,Adult.cull,6,26.13,6.41,1.305,1.247,0.058,0.046511628,0.000375094
ML,Final,26,NP,610,Adult.cull,5,17.79,4.8,0.644,0.615,0.029,0.047154472,0.000380278
ML,Final,26,NP,696,Adult.cull,1,24.62,4.32,0.796,0.758,0.038,0.050131926,0.00040429
ML,Final,45,NP,442,Adult.cull,6,44.82,10.75,3.564,3.39,0.174,0.051327434,0.000413931
ML,Final,45,NP,442,Adult.cull,9,39.01,10.86,3.236,3.073,0.163,0.053042629,0.000427763
ML,Final,45,NP,98,Adult.cull,8,30.89,7.17,1.865,1.771,0.094,0.053077357,0.000428043
ML,Final,26,NP,595,Adult.cull,6,32.06,7.86,1.729,1.641,0.088,0.053625838,0.000432466
ML,Final,45,NP,64,Adult.cull,10,39.64,9.2,3.13,2.97,0.16,0.053872054,0.000434452
ML,Final,45,NP,64,Adult.cull,9,23.07,6.77,1.512,1.434,0.078,0.054393305,0.000438656
ML,Final,26,NP,197,Adult.cull,6,29.85,8.24,1.711,1.622,0.089,0.05487053,0.000442504
ML,Final,45,NP,442,Adult.cull,5,23.6,8.91,1.362,1.289,0.073,0.056633049,0.000456718
ML,Final,45,NP,98,Adult.cull,1,35.8,5.97,2.009,1.901,0.108,0.056812204,0.000458163
ML,Final,26,NP,610,Adult.cull,1,39.91,8.07,1.859,1.758,0.101,0.05745165,0.00046332
ML,Final,45,NP,442,Adult.cull,3,50.3,7.06,3.913,3.694,0.219,0.059285328,0.000478107
ML,Final,26,NP,610,Adult.cull,3,38.14,5.48,1.608,1.518,0.09,0.059288538,0.000478133
ML,Final,45,NP,64,Adult.cull,6,36.91,9.66,2.918,2.751,0.167,0.060705198,0.000489558
ML,Final,39,NP,433,Adult.cull,10,17.54,4.3,0.475,0.447,0.028,0.062639821,0.00050516
ML,Final,45,NP,64,Adult.cull,4,44.17,7.08,3.191,3,0.191,0.063666667,0.000513441
ML,Final,45,NP,442,Adult.cull,4,45.73,8.48,3.697,3.474,0.223,0.064191134,0.00051767
ML,Final,26,NP,595,Adult.cull,4,37.08,5.27,1.307,1.228,0.079,0.064332248,0.000518808
ML,Final,45,NP,64,Adult.cull,2,53.92,9.48,6.039,5.671,0.368,0.064891554,0.000523319
ML,Final,45,NP,442,Adult.cull,10,37.88,10,2.471,2.32,0.151,0.065086207,0.000524889
ML,Final,26,NP,610,Adult.cull,2,28.18,7.97,1.49,1.397,0.093,0.066571224,0.000536865
ML,Final,39,NP,5,Adult.cull,1,37.19,6.54,2.356,2.206,0.15,0.067996374,0.000548358
ML,Final,39,NP,5,Adult.cull,2,37.05,6.07,1.93,1.807,0.123,0.068068622,0.000548941
ML,Final,26,NP,197,Adult.cull,5,26.23,6.08,1.442,1.35,0.092,0.068148148,0.000549582
ML,Final,45,NP,442,Adult.cull,2,53.49,9.38,6.091,5.701,0.39,0.068409051,0.000551686
ML,Final,45,NP,98,Adult.cull,6,43.79,8.85,2.824,2.642,0.182,0.068887207,0.000555542
ML,Final,45,NP,98,Adult.cull,9,42.51,9.09,3.891,3.64,0.251,0.068956044,0.000556097
ML,Final,39,NP,433,Adult.cull,5,29.47,5.46,1.27,1.188,0.082,0.069023569,0.000556642
ML,Final,39,NP,433,Adult.cull,3,21.58,5.53,1.191,1.113,0.078,0.070080863,0.000565168
ML,Final,26,NP,595,Adult.cull,5,33.53,5.89,1.34,1.252,0.088,0.07028754,0.000566835
ML,Final,39,NP,5,Adult.cull,3,36.63,5.43,1.708,1.595,0.113,0.070846395,0.000571342
ML,Final,45,NP,98,Adult.cull,3,38.54,7.43,2.241,2.092,0.149,0.071223709,0.000574385
ML,Final,26,NP,197,Adult.cull,7,33.1,9.09,2.059,1.922,0.137,0.071279917,0.000574838
ML,Final,26,NP,197,Adult.cull,10,31.25,6.39,1.472,1.374,0.098,0.0713246,0.000575198
ML,Final,39,NP,433,Adult.cull,1,33.55,6.11,1.621,1.513,0.108,0.071381362,0.000575656
ML,Final,26,NP,610,Adult.cull,8,40.68,8.19,3.578,3.338,0.24,0.071899341,0.000579833
ML,Final,26,NP,197,Adult.cull,9,26.67,6.63,1.213,1.131,0.082,0.07250221,0.000584695
ML,Final,26,NP,595,Adult.cull,7,31.31,10.32,1.941,1.808,0.133,0.073561947,0.000593242
ML,Final,26,NP,197,Adult.cull,8,43.65,10.32,3.769,3.509,0.26,0.074095184,0.000597542
ML,Final,26,NP,610,Adult.cull,4,37.52,8.87,2.27,2.113,0.157,0.07430194,0.000599209
ML,Final,39,NP,433,Adult.cull,6,38.34,6.7,2.167,2.016,0.151,0.074900794,0.000604039
ML,Final,39,NP,5,Adult.cull,9,42.96,6.77,2.81,2.6,0.21,0.080769231,0.000651365
ML,Final,26,NP,595,Adult.cull,10,34.5,7.79,2.069,1.912,0.157,0.082112971,0.000662201
ML,Final,26,NP,197,Adult.cull,4,43.93,8.16,3.27,3.011,0.259,0.086017934,0.000693693
ML,Final,26,NP,595,Adult.cull,2,36.65,5.93,1.404,1.292,0.112,0.086687307,0.000699091
ML,Final,26,NP,197,Adult.cull,1,49.19,7.49,3.838,3.53,0.308,0.087252125,0.000703646
ML,Final,26,NP,595,Adult.cull,8,40.86,10.42,2.935,2.694,0.241,0.089458055,0.000721436
ML,Final,26,NP,197,Adult.cull,2,45.37,7.47,3.669,3.356,0.313,0.093265793,0.000752143
ML,Final,26,NP,197,Adult.cull,3,37.67,6.54,1.634,1.413,0.221,0.156404812,0.001261329
ML,Final,26,NP,610,Adult.cull,9,24.35,6.44,1.215,1.026,0.189,0.184210526,0.001485569
ML,Final,26,NP,610,Adult.cull,10,34.18,7.47,2.207,1.608,0.599,0.372512438,0.003004133
ML,Final,36,CC,489,Juv.Adult.cull,6,31.15,5.28,1.446,1.37,0.076,0.055474453,0.000447375
ML,Final,32,CC,165,Juv.Adult.cull,10,31.16,6.38,1.102,1.04,0.062,0.059615385,0.000480769
ML,Final,36,CC,508,Juv.Adult.cull,9,29.45,5.55,1.2,1.131,0.069,0.061007958,0.000492
ML,Final,32,CC,165,Juv.Adult.cull,9,30.21,8.77,1.356,1.278,0.078,0.061032864,0.000492201
ML,Final,32,CC,165,Juv.Adult.cull,5,34.17,5.95,2.205,2.071,0.134,0.064703042,0.000521799
ML,Final,36,CC,508,Juv.Adult.cull,5,25.36,6.89,1.252,1.168,0.084,0.071917808,0.000579982
ML,Final,36,CC,508,Juv.Adult.cull,10,31.86,6.18,1.273,1.164,0.109,0.093642612,0.000755182
ML,Final,47,MC,24,Juv.Adult.cull,7,36.14,6.79,1.693,1.65,0.043,0.026060606,0.000210166
ML,Final,28,MC,105,Juv.Adult.cull,5,21.32,4.56,0.551,0.535,0.016,0.029906542,0.000241182
ML,Final,28,MC,105,Juv.Adult.cull,10,23.9,6.31,0.887,0.845,0.042,0.049704142,0.00040084
ML,Final,47,MC,143,Juv.Adult.cull,4,33.3,7.11,1.961,1.868,0.093,0.049785867,0.000401499
ML,Final,28,MC,105,Juv.Adult.cull,3,29.22,6.34,1.224,1.161,0.063,0.054263566,0.000437609
ML,Final,47,MC,143,Juv.Adult.cull,3,31.28,5.26,1.533,1.453,0.08,0.0550585,0.00044402
ML,Final,47,MC,143,Juv.Adult.cull,7,26.7,4.52,0.917,0.868,0.049,0.056451613,0.000455255
ML,Final,28,MC,423,Juv.Adult.cull,4,21.38,6.19,0.621,0.587,0.034,0.057921635,0.00046711
ML,Final,47,MC,160,Juv.Adult.cull,2,32.03,6.62,1.714,1.618,0.096,0.059332509,0.000478488
ML,Final,47,MC,24,Juv.Adult.cull,5,25.91,6.01,1.053,0.994,0.059,0.059356137,0.000478679
ML,Final,28,MC,105,Juv.Adult.cull,4,28.06,5.74,1.636,1.543,0.093,0.060272197,0.000486066
ML,Final,47,MC,160,Juv.Adult.cull,1,36.75,7.75,3.166,2.98,0.186,0.062416107,0.000503356
ML,Final,47,MC,224,Juv.Adult.cull,3,25.99,6.52,1.012,0.952,0.06,0.06302521,0.000508268
ML,Final,47,MC,24,Juv.Adult.cull,2,36.19,7.79,2.515,2.364,0.151,0.063874788,0.000515119
ML,Final,47,MC,160,Juv.Adult.cull,8,29.47,6.84,1.377,1.294,0.083,0.064142195,0.000517276
ML,Final,47,MC,160,Juv.Adult.cull,1,25.98,5.92,0.704,0.661,0.043,0.06505295,0.000524621
ML,Final,47,MC,160,Juv.Adult.cull,3,33.54,6.83,2.43,2.279,0.151,0.06625713,0.000534332
ML,Final,47,MC,6,Juv.Adult.cull,4,33.96,5.61,1.691,1.585,0.106,0.066876972,0.00053933
ML,Final,47,MC,6,Juv.Adult.cull,2,34.43,9.11,2.683,2.513,0.17,0.067648229,0.00054555
ML,Final,47,MC,160,Juv.Adult.cull,5,29.53,6.04,1.236,1.156,0.08,0.069204152,0.000558098
ML,Final,47,MC,24,Juv.Adult.cull,4,38.16,7,1.862,1.74,0.122,0.070114943,0.000565443
ML,Final,47,MC,6,Juv.Adult.cull,1,47.69,6.81,3.372,3.149,0.223,0.070816132,0.000571098
ML,Final,34,MC,671,Juv.Adult.cull,6,23.33,5.38,0.766,0.714,0.052,0.072829132,0.000587332
ML,Final,47,MC,224,Juv.Adult.cull,2,25.38,5.85,0.653,0.606,0.047,0.077557756,0.000625466
ML,Final,28,MC,423,Juv.Adult.cull,9,32.78,5.57,1.456,1.344,0.112,0.083333333,0.000672043
ML,Final,34,MC,671,Juv.Adult.cull,5,36.51,6.7,1.854,1.707,0.147,0.086115993,0.000694484
ML,Final,47,MC,224,Juv.Adult.cull,10,28.7,5.65,0.776,0.714,0.062,0.086834734,0.00070028
ML,Final,28,MC,423,Juv.Adult.cull,2,34.12,6.42,1.178,1.078,0.1,0.092764378,0.0007481
ML,Final,28,MC,423,Juv.Adult.cull,7,42.61,6.5,2.364,2.155,0.209,0.096983759,0.000782127
ML,Final,28,MC,141,Juv.Adult.cull,6,34.69,7.4,2.39,2.168,0.222,0.102398524,0.000825795
ML,Final,34,MC,671,Juv.Adult.cull,2,36.56,6.9,3.71,3.358,0.352,0.1048243,0.000845357
ML,Final,28,MC,141,Juv.Adult.cull,5,35.63,6.37,2.399,2.138,0.261,0.122076707,0.00098449
ML,Final,47,MC,143,Juv.Adult.cull,4,28.45,5.91,1.175,0.991,0.184,0.185671039,0.001497347
ML,Final,28,MC,141,Juv.Adult.cull,7,41.49,12.45,3.867,3.111,0.756,0.243008679,0.001959747
ML,Final,47,MC,6,Juv.Adult.cull,3,36.58,6.6,2.235,1.766,0.469,0.265571914,0.002141709
ML,Final,37,MC+CC,542,Juv.Adult.cull,8,26.09,3.47,0.603,0.576,0.027,0.046875,0.000378024
ML,Final,37,MC+CC,150,Juv.Adult.cull,10,29.4,8.48,3.169,2.993,0.176,0.058803876,0.000474225
ML,Final,37,MC+CC,542,Juv.Adult.cull,7,30.57,7.44,1.605,1.509,0.096,0.06361829,0.000513051
ML,Final,37,MC+CC,150,Juv.Adult.cull,9,42.93,7.17,3.327,3.126,0.201,0.064299424,0.000518544
ML,Final,37,MC+CC,501,Juv.Adult.cull,3,38.02,6.93,2.476,2.297,0.179,0.077927732,0.000628449
ML,Final,37,MC+CC,542,Juv.Adult.cull,1,34.09,6.44,2.548,1.447,1.101,0.760884589,0.006136166
ML,Final,26,NP,594,Juv.Adult.cull,6,29.1,6.07,1.323,1.265,0.058,0.045849802,0.000369756
ML,Final,26,NP,602,Juv.Adult.cull,6,37.52,5.66,2.084,1.973,0.111,0.056259503,0.000453706
ML,Final,26,NP,615,Juv.Adult.cull,1,36.06,7.12,1.865,1.761,0.104,0.059057354,0.000476269
ML,Final,26,NP,615,Juv.Adult.cull,6,27.14,8.61,2.021,1.908,0.113,0.059224319,0.000477615
ML,Final,45,NP,397,Juv.Adult.cull,3,21.19,7.04,1.001,0.944,0.057,0.060381356,0.000486946
ML,Final,45,NP,397,Juv.Adult.cull,6,29.96,6.42,1.448,1.363,0.085,0.062362436,0.000502923
ML,Final,26,NP,594,Juv.Adult.cull,2,32.9,5.77,1.237,1.161,0.076,0.06546081,0.00052791
ML,Final,26,NP,594,Juv.Adult.cull,8,35.31,5.31,1.175,1.101,0.074,0.067211626,0.000542029
ML,Final,26,NP,615,Juv.Adult.cull,9,44.97,8.07,2.935,2.747,0.188,0.068438296,0.000551922
ML,Final,26,NP,594,Juv.Adult.cull,5,40.96,6.34,2.404,2.25,0.154,0.068444444,0.000551971
ML,Final,26,NP,602,Juv.Adult.cull,10,24.37,6.11,1.063,0.994,0.069,0.069416499,0.00055981
ML,Final,39,NP,22,Juv.Adult.cull,5,19.93,6.6,0.967,0.903,0.064,0.070874862,0.000571571
ML,Final,45,NP,457,Juv.Adult.cull,5,46.54,8.23,3.109,2.902,0.207,0.071330117,0.000575243
ML,Final,45,NP,71,Juv.Adult.cull,2,32.88,6.24,1.398,1.298,0.1,0.077041602,0.000621303
ML,Final,45,NP,457,Juv.Adult.cull,1,35.47,5.08,1.666,1.542,0.124,0.080415045,0.000648508
ML,Final,45,NP,457,Juv.Adult.cull,7,50.7,7.44,3.5,3.228,0.272,0.084262701,0.000679538
ML,Final,45,NP,397,Juv.Adult.cull,1,39.48,6.8,2.07,1.9,0.17,0.089473684,0.000721562
ML,Final,39,NP,22,Juv.Adult.cull,6,25.13,4.69,0.881,0.808,0.073,0.090346535,0.000728601
ML,Final,26,NP,602,Juv.Adult.cull,8,42.32,6.33,2.337,2.143,0.194,0.090527298,0.000730059
ML,Final,26,NP,615,Juv.Adult.cull,7,50.21,7.73,4.754,4.309,0.445,0.103272221,0.00083284
ML,Final,32,CC,103,Juv.cull,1,29.26,6.67,0.94,0.913,0.027,0.029572837,0.000238491
ML,Final,32,CC,103,Juv.cull,2,35.2,7.27,1.184,1.135,0.049,0.043171806,0.00034816
ML,Final,36,CC,487,Juv.cull,5,15.51,4.15,0.359,0.341,0.018,0.052785924,0.000425693
ML,Final,32,CC,103,Juv.cull,8,35.41,6.54,2.311,2.191,0.12,0.054769512,0.00044169
ML,Final,32,CC,103,Juv.cull,6,26.31,6.11,0.939,0.881,0.058,0.065834279,0.000530922
ML,Final,32,CC,103,Juv.cull,7,41.08,7.14,2.073,1.941,0.132,0.068006182,0.000548437
ML,Final,32,CC,103,Juv.cull,10,26.18,5.81,1.021,0.953,0.068,0.07135362,0.000575432
ML,Final,36,CC,481,Juv.cull,5,25.77,5.71,0.631,0.585,0.046,0.078632479,0.000634133
ML,Final,36,CC,481,Juv.cull,10,28.57,5.07,0.99,0.91,0.08,0.087912088,0.000708968
ML,Final,36,CC,487,Juv.cull,7,43.11,7.5,2.438,2.195,0.243,0.11070615,0.000892792
ML,Final,36,CC,541,Juv.cull,3,35.85,5.22,1.924,1.729,0.195,0.112781955,0.000909532
ML,Final,36,CC,487,Juv.cull,6,36.6,8.05,2.683,2.347,0.336,0.143161483,0.001154528
ML,Final,47,MC,225,Juv.cull,2,27.83,5.16,0.889,0.877,0.012,0.01368301,0.000110347
ML,Final,47,MC,190,Juv.cull,7,26.9,4.87,1.309,1.25,0.059,0.0472,0.000380645
ML,Final,47,MC,450,Juv.cull,7,23.08,4.18,0.614,0.585,0.029,0.04957265,0.000399779
ML,Final,28,MC,179,Juv.cull,7,20.36,11.34,1.538,1.462,0.076,0.051983584,0.000419222
ML,Final,47,MC,190,Juv.cull,2,20.99,4.49,0.573,0.544,0.029,0.053308824,0.00042991
ML,Final,47,MC,369,Juv.cull,3,25.12,4.14,0.847,0.804,0.043,0.053482587,0.000431311
ML,Final,47,MC,369,Juv.cull,9,22.27,4.63,0.588,0.556,0.032,0.057553957,0.000464145
ML,Final,28,MC,179,Juv.cull,10,23.12,5.21,0.783,0.74,0.043,0.058108108,0.000468614
ML,Final,28,MC,215,Juv.cull,9,18.54,4.61,0.78,0.737,0.043,0.05834464,0.000470521
ML,Final,47,MC,225,Juv.cull,6,27.84,6.53,0.162,0.153,0.009,0.058823529,0.000474383
ML,Final,47,MC,450,Juv.cull,5,33.39,5.73,3.946,3.72,0.226,0.060752688,0.000489941
ML,Final,47,MC,450,Juv.cull,9,21.78,4.33,0.471,0.443,0.028,0.063205418,0.000509721
ML,Final,47,MC,2,Juv.cull,9,32.38,8.01,1.858,1.747,0.111,0.063537493,0.000512399
ML,Final,47,MC,17,Juv.cull,6,28.63,5.18,0.781,0.734,0.047,0.064032698,0.000516393
ML,Final,47,MC,190,Juv.cull,10,29.46,4.46,1.065,1,0.065,0.065,0.000524194
ML,Final,47,MC,369,Juv.cull,8,33.7,5.82,0.981,0.921,0.06,0.06514658,0.000525376
ML,Final,28,MC,627,Juv.cull,4,26.99,6.95,1.272,1.194,0.078,0.065326633,0.000526828
ML,Final,47,MC,17,Juv.cull,8,35.75,5.7,1.894,1.773,0.121,0.068245911,0.00055037
ML,Final,47,MC,369,Juv.cull,1,35.45,5.76,5.389,5.043,0.346,0.068609954,0.000553306
ML,Final,28,MC,215,Juv.cull,2,24.66,5.47,0.612,0.571,0.041,0.071803853,0.000579063
ML,Final,47,MC,190,Juv.cull,1,33.67,5.41,1.604,1.494,0.11,0.073627845,0.000593773
ML,Final,28,MC,627,Juv.cull,8,34.69,6.69,2.311,2.151,0.16,0.074384007,0.000599871
ML,Final,47,MC,2,Juv.cull,6,34.02,6.83,1.734,1.609,0.125,0.077688005,0.000626516
ML,Final,28,MC,179,Juv.cull,6,26.26,6.81,1.187,1.1,0.087,0.079090909,0.00063783
ML,Final,28,MC,627,Juv.cull,2,29.5,5.58,1.265,1.172,0.093,0.079351536,0.000639932
ML,Final,28,MC,627,Juv.cull,10,27.98,6.63,0.858,0.789,0.069,0.087452471,0.000705262
ML,Final,47,MC,225,Juv.cull,10,23.91,4.2,0.397,0.365,0.032,0.087671233,0.000707026
ML,Final,34,MC,625,Juv.cull,10,30.55,5.86,1.116,1.02,0.096,0.094117647,0.000759013
ML,Final,47,MC,17,Juv.cull,7,44.22,6.01,2.926,2.648,0.278,0.104984894,0.000846652
ML,Final,34,MC,625,Juv.cull,1,34.89,7.62,2.212,1.991,0.221,0.110999498,0.000895157
ML,Final,47,MC,450,Juv.cull,1,32.33,5.31,1.5196,1.1756,0.344,0.292616536,0.002359811
ML,Final,28,MC,215,Juv.cull,10,34.34,5.89,3.505,2.703,0.802,0.296707362,0.002392801
ML,Final,37,MC+CC,486,Juv.cull,4,34.66,6.59,1.757,1.666,0.091,0.054621849,0.000440499
ML,Final,37,MC+CC,486,Juv.cull,5,28.62,7.65,2.182,2.048,0.134,0.065429687,0.000527659
ML,Final,37,MC+CC,533,Juv.cull,3,31.1,7.32,1.262,1.184,0.078,0.065878378,0.000531277
ML,Final,37,MC+CC,527,Juv.cull,6,31.22,7.42,1.555,1.458,0.097,0.066529492,0.000536528
ML,Final,37,MC+CC,486,Juv.cull,9,34.93,6.77,2.473,2.317,0.156,0.067328442,0.000542971
ML,Final,37,MC+CC,533,Juv.cull,9,44.83,7.25,2.754,2.552,0.202,0.079153605,0.000638336
ML,Final,37,MC+CC,533,Juv.cull,10,40.68,8.91,2.904,2.66,0.244,0.091729323,0.000739753
ML,Final,26,NP,603,Juv.cull,3,32.75,8.01,1.685,1.608,0.077,0.047885572,0.000386174
ML,Final,26,NP,196,Juv.cull,8,34.8,7.77,2.275,2.162,0.113,0.05226642,0.000421503
ML,Final,45,NP,89,Juv.cull,10,33.68,6.92,2.623,2.489,0.134,0.053836882,0.000434168
ML,Final,45,NP,89,Juv.cull,3,30.74,8.16,2.438,2.301,0.137,0.059539331,0.000480156
ML,Final,45,NP,89,Juv.cull,6,42.16,6.98,2.807,2.647,0.16,0.060445788,0.000487466
ML,Final,45,NP,127,Juv.cull,5,47.29,9.16,5.579,5.255,0.324,0.061655566,0.000497222
ML,Final,45,NP,127,Juv.cull,8,42.97,6.5,2.689,2.532,0.157,0.062006319,0.000500051
ML,Final,26,NP,185,Juv.cull,9,39.85,9.68,2.969,2.795,0.174,0.062254025,0.000502049
ML,Final,45,NP,127,Juv.cull,4,36.99,7.41,3.882,3.648,0.234,0.064144737,0.000517296
ML,Final,45,NP,453,Juv.cull,10,40.85,7.24,2.244,2.106,0.138,0.065527066,0.000528444
ML,Final,39,NP,13,Juv.cull,10,33.67,5.7,1.525,1.43,0.095,0.066433566,0.000535755
ML,Final,26,NP,603,Juv.cull,1,32.12,6.44,1.73,1.622,0.108,0.066584464,0.000536971
ML,Final,26,NP,185,Juv.cull,1,33.07,8.58,1.884,1.765,0.119,0.067422096,0.000543727
ML,Final,26,NP,185,Juv.cull,3,35.1,5.41,1.717,1.607,0.11,0.068450529,0.00055202
ML,Final,26,NP,196,Juv.cull,9,43.8,7.43,3.088,2.889,0.199,0.068881966,0.0005555
ML,Final,45,NP,127,Juv.cull,1,52.12,7.61,4.839,4.518,0.321,0.071049137,0.000572977
ML,Final,45,NP,453,Juv.cull,6,43.55,9.87,3.131,2.91,0.221,0.075945017,0.00061246
ML,Final,45,NP,453,Juv.cull,5,42.38,8.61,2.393,2.221,0.172,0.077442593,0.000624537
ML,Final,39,NP,13,Juv.cull,8,40.21,7.35,2.489,2.305,0.184,0.079826464,0.000643762
ML,Final,39,NP,13,Juv.cull,5,34.63,5.71,1.756,1.624,0.132,0.081280788,0.00065549
ML,Final,26,NP,603,Juv.cull,10,27.67,4.92,1.094,1.01,0.084,0.083168317,0.000670712
ML,Final,26,NP,603,Juv.cull,5,32.34,6.46,1.761,1.617,0.144,0.089053803,0.000718176
ML,Final,26,NP,196,Juv.cull,10,40.72,6.97,2.79,2.532,0.258,0.101895735,0.00082174
ML,Final,26,NP,196,Juv.cull,1,38.5,6.86,3.223,2.921,0.302,0.10338925,0.000833784
ML,Final,26,NP,185,Juv.cull,8,45.87,8.73,5.1045,3.863,1.2415,0.321382345,0.002591793
ML,Final,32,CC,346,No.cull,4,26.77,5.64,1.225,1.205,0.02,0.01659751,0.000133851
ML,Final,32,CC,178,No.cull,2,27.26,5.83,0.865,0.828,0.037,0.04468599,0.000360371
ML,Final,36,CC,500,No.cull,7,26.46,5.75,0.935,0.891,0.044,0.049382716,0.000398248
ML,Final,32,CC,178,No.cull,3,24.17,7.1,0.932,0.884,0.048,0.054298643,0.000437892
ML,Final,36,CC,500,No.cull,5,19.57,4.32,0.445,0.422,0.023,0.05450237,0.000439535
ML,Final,36,CC,500,No.cull,9,26.74,6.48,1.151,1.089,0.062,0.056932966,0.000459137
ML,Final,32,CC,178,No.cull,8,30.88,5.67,1.385,1.31,0.075,0.057251908,0.000461709
ML,Final,32,CC,178,No.cull,5,24.41,5.52,0.826,0.781,0.045,0.057618438,0.000464665
ML,Final,32,CC,178,No.cull,10,25.2,6.21,1.162,1.097,0.065,0.059252507,0.000477843
ML,Final,36,CC,500,No.cull,4,27.89,5.07,0.748,0.706,0.042,0.059490085,0.000479759
ML,Final,32,CC,346,No.cull,3,22.36,5.61,0.592,0.558,0.034,0.0609319,0.000491386
ML,Final,32,CC,178,No.cull,6,29.87,9.09,1.887,1.776,0.111,0.0625,0.000504032
ML,Final,32,CC,169,No.cull,2,34.68,5.95,1.32,1.242,0.078,0.062801932,0.000506467
ML,Final,32,CC,169,No.cull,5,41.36,9.56,2.886,2.714,0.172,0.063375092,0.000511089
ML,Final,36,CC,491,No.cull,7,28.12,4.7,0.74,0.694,0.046,0.066282421,0.000534536
ML,Final,36,CC,506,No.cull,9,28.84,5.85,1.461,1.369,0.092,0.067202337,0.000541954
ML,Final,36,CC,500,No.cull,1,39.31,6.15,2.467,2.31,0.157,0.067965368,0.000548108
ML,Final,32,CC,169,No.cull,9,27.73,7.4,1.629,1.524,0.105,0.068897638,0.000555626
ML,Final,36,CC,506,No.cull,6,27.25,6.02,1.069,1,0.069,0.069,0.000556452
ML,Final,32,CC,169,No.cull,3,39.64,6.31,2.398,2.242,0.156,0.069580731,0.000561135
ML,Final,36,CC,491,No.cull,10,33.69,7.36,2.531,2.364,0.167,0.070642978,0.000569701
ML,Final,32,CC,346,No.cull,9,17.65,4.1,0.302,0.282,0.02,0.070921986,0.000571952
ML,Final,32,CC,169,No.cull,6,45.54,9.52,3.491,3.258,0.233,0.071516268,0.000576744
ML,Final,32,CC,178,No.cull,1,37.13,5.74,2.461,2.296,0.165,0.071864111,0.000579549
ML,Final,32,CC,346,No.cull,6,27.29,5.88,1.284,1.197,0.087,0.072681704,0.000586143
ML,Final,32,CC,346,No.cull,10,27.49,5.26,1.141,1.063,0.078,0.073377234,0.000591752
ML,Final,32,CC,169,No.cull,1,32.84,6.39,1.328,1.237,0.091,0.073565077,0.000593267
ML,Final,36,CC,491,No.cull,6,27.2,4.17,1.152,1.073,0.079,0.073625349,0.000593753
ML,Final,32,CC,198,No.cull,7,26.67,5.64,0.977,0.91,0.067,0.073626374,0.000593761
ML,Final,32,CC,198,No.cull,9,27.43,5.36,0.987,0.918,0.069,0.075163399,0.000606156
ML,Final,32,CC,198,No.cull,6,30.27,7.16,1.596,1.481,0.115,0.077650236,0.000626212
ML,Final,32,CC,198,No.cull,2,25.08,6.63,0.935,0.867,0.068,0.078431373,0.000632511
ML,Final,36,CC,491,No.cull,2,33.03,5.74,1.221,1.132,0.089,0.078621908,0.000634048
ML,Final,36,CC,491,No.cull,9,29.86,7.93,1.908,1.768,0.14,0.07918552,0.000638593
ML,Final,36,CC,506,No.cull,10,20.17,6.19,0.844,0.782,0.062,0.079283887,0.000639386
ML,Final,32,CC,346,No.cull,7,23.72,6.37,0.825,0.764,0.061,0.079842932,0.000643895
ML,Final,32,CC,198,No.cull,5,47.9,7.18,2.757,2.549,0.208,0.081600628,0.00065807
ML,Final,36,CC,500,No.cull,10,35.04,4.91,1.218,1.126,0.092,0.081705151,0.000658913
ML,Final,32,CC,198,No.cull,8,41.52,7.46,2.56,2.366,0.194,0.081994928,0.000661249
ML,Final,32,CC,178,No.cull,9,25.73,7.15,1.299,1.198,0.101,0.084307179,0.000679897
ML,Final,32,CC,346,No.cull,5,22.18,6.01,0.905,0.831,0.074,0.089049338,0.00071814
ML,Final,32,CC,346,No.cull,1,29.83,6.51,1.062,0.969,0.093,0.095975232,0.000773994
ML,Final,36,CC,506,No.cull,7,43.28,5.21,2.976,2.691,0.285,0.105908584,0.000854101
ML,Final,36,CC,491,No.cull,1,36.76,5.45,2.709,2.402,0.307,0.127810158,0.001030727
ML,Final,36,CC,506,No.cull,3,39,6.5,2.528,2.227,0.301,0.135159407,0.001089995
ML,Final,36,CC,491,No.cull,8,33.26,5.83,1.385,1.213,0.172,0.141797197,0.001143526
ML,Final,36,CC,506,No.cull,8,32.2,8.25,2.585,2.245,0.34,0.151447661,0.001221352
ML,Final,36,CC,500,No.cull,3,41.09,6.62,2.194,1.896,0.298,0.157172996,0.001267524
ML,Final,36,CC,506,No.cull,1,38.58,6.23,3.381,2.772,0.609,0.21969697,0.00177175
ML,Final,36,CC,500,No.cull,2,42.37,6.83,2.588,2.087,0.501,0.240057499,0.001935948
ML,Final,32,CC,178,No.cull,4,21.75,4.15,0.619,0.452,0.167,0.369469027,0.002979589
ML,Final,28,MC,424,No.cull,10,19.51,5.78,0.485,0.468,0.017,0.036324786,0.000292942
ML,Final,28,MC,424,No.cull,4,26.88,8.35,1.546,1.483,0.063,0.042481457,0.000342592
ML,Final,47,MC,164,No.cull,6,23.57,5.4,1.033,0.99,0.043,0.043434343,0.000350277
ML,Final,28,MC,424,No.cull,1,36.54,8.06,2.557,2.449,0.108,0.044099633,0.000355642
ML,Final,47,MC,1,No.cull,8,26.63,7.05,1.205,1.153,0.052,0.04509974,0.000363708
ML,Final,47,MC,164,No.cull,10,24.03,4.68,0.731,0.699,0.032,0.045779685,0.000369191
ML,Final,28,MC,424,No.cull,8,22.65,5.81,0.868,0.828,0.04,0.048309179,0.00038959
ML,Final,47,MC,18,No.cull,1,37.46,5.42,1.808,1.724,0.084,0.048723898,0.000392935
ML,Final,28,MC,606,No.cull,7,21.83,5.47,1.962,1.87,0.092,0.049197861,0.000396757
ML,Final,47,MC,18,No.cull,9,29.3,7.59,1.795,1.709,0.086,0.050321826,0.000405821
ML,Final,28,MC,606,No.cull,9,30.13,6.76,2.148,2.045,0.103,0.050366748,0.000406183
ML,Final,28,MC,606,No.cull,8,26.9,5.21,1.101,1.047,0.054,0.051575931,0.000415935
ML,Final,47,MC,1,No.cull,1,35.69,8.94,2.23,2.117,0.113,0.053377421,0.000430463
ML,Final,47,MC,164,No.cull,9,21.15,3.67,0.608,0.577,0.031,0.05372617,0.000433276
ML,Final,47,MC,164,No.cull,8,26.98,4.91,0.966,0.915,0.051,0.055737705,0.000449498
ML,Final,47,MC,164,No.cull,4,26.93,6.07,0.963,0.911,0.052,0.057080132,0.000460324
ML,Final,28,MC,424,No.cull,5,29.13,6.28,1.028,0.972,0.056,0.057613169,0.000464622
ML,Final,47,MC,142,No.cull,7,34.92,5.52,2.495,2.357,0.138,0.058549003,0.000472169
ML,Final,28,MC,606,No.cull,10,36.73,7.14,2.602,2.458,0.144,0.058584215,0.000472453
ML,Final,28,MC,424,No.cull,3,30.64,11.17,2.118,2,0.118,0.059,0.000475806
ML,Final,28,MC,424,No.cull,6,32.34,7.39,1.998,1.886,0.112,0.059384942,0.000478911
ML,Final,47,MC,164,No.cull,2,23.78,5.42,0.809,0.763,0.046,0.060288336,0.000486196
ML,Final,28,MC,212,No.cull,2,39.15,7.12,2.457,2.315,0.142,0.061339093,0.00049467
ML,Final,34,MC,665,No.cull,4,20.06,5.76,0.639,0.602,0.037,0.061461794,0.00049566
ML,Final,47,MC,142,No.cull,10,39.53,9.1,3,2.826,0.174,0.061571125,0.000496541
ML,Final,47,MC,18,No.cull,6,36.84,8.03,2.647,2.492,0.155,0.062199037,0.000501605
ML,Final,47,MC,164,No.cull,1,37.68,6.02,1.567,1.475,0.092,0.062372881,0.000503007
ML,Final,47,MC,1,No.cull,7,40.51,8.13,2.852,2.683,0.169,0.062989191,0.000507977
ML,Final,47,MC,142,No.cull,1,34.43,7.32,2.891,2.719,0.172,0.063258551,0.00051015
ML,Final,28,MC,606,No.cull,6,23.51,4.98,0.651,0.612,0.039,0.06372549,0.000513915
ML,Final,28,MC,424,No.cull,2,42.89,9.05,3.58,3.364,0.216,0.064209275,0.000517817
ML,Final,47,MC,142,No.cull,6,45.38,8.74,3.744,3.517,0.227,0.064543645,0.000520513
ML,Final,28,MC,424,No.cull,9,27.95,5.62,1.085,1.019,0.066,0.064769382,0.000522334
ML,Final,47,MC,142,No.cull,5,20.08,5.56,1.499,1.407,0.092,0.065387349,0.000527317
ML,Final,28,MC,212,No.cull,7,33.22,11.41,2.386,2.239,0.147,0.06565431,0.00052947
ML,Final,47,MC,18,No.cull,2,37.94,5.49,1.613,1.513,0.1,0.066093853,0.000533015
ML,Final,47,MC,1,No.cull,10,35.97,10.55,2.981,2.794,0.187,0.066929134,0.000539751
ML,Final,47,MC,1,No.cull,6,33.06,8.83,1.999,1.873,0.126,0.067271757,0.000542514
ML,Final,47,MC,1,No.cull,4,28.54,6.57,2.309,2.163,0.146,0.067498844,0.000544346
ML,Final,28,MC,606,No.cull,2,37.67,9.94,2.811,2.633,0.178,0.067603494,0.000545189
ML,Final,28,MC,212,No.cull,8,37.11,8.9,1.996,1.867,0.129,0.069094804,0.000557216
ML,Final,47,MC,18,No.cull,5,33.5,6.86,1.344,1.257,0.087,0.069212411,0.000558165
ML,Final,28,MC,212,No.cull,10,36.09,9.44,2.96,2.767,0.193,0.069750632,0.000562505
ML,Final,47,MC,18,No.cull,7,39.14,7.27,2.625,2.453,0.172,0.070118223,0.00056547
ML,Final,28,MC,212,No.cull,5,35.53,7.96,1.86,1.738,0.122,0.070195627,0.000566094
ML,Final,34,MC,665,No.cull,9,28.68,6.83,1.372,1.281,0.091,0.071038251,0.000572889
ML,Final,47,MC,18,No.cull,3,33.32,5.88,1.245,1.162,0.083,0.071428571,0.000576037
ML,Final,47,MC,142,No.cull,3,38.33,7.16,2.125,1.982,0.143,0.072149344,0.00058185
ML,Final,47,MC,164,No.cull,7,30.65,6.5,2.211,2.062,0.149,0.072259942,0.000582741
ML,Final,47,MC,164,No.cull,3,33.44,4.97,1.433,1.336,0.097,0.07260479,0.000585523
ML,Final,47,MC,1,No.cull,3,34.66,6.81,1.844,1.719,0.125,0.072716696,0.000586425
ML,Final,47,MC,142,No.cull,2,33.89,5.54,1.881,1.753,0.128,0.073017684,0.000588852
ML,Final,47,MC,164,No.cull,5,34.58,6.44,1.706,1.586,0.12,0.075662043,0.000610178
ML,Final,28,MC,606,No.cull,3,49.46,8.98,5.832,5.411,0.421,0.077804472,0.000627455
ML,Final,34,MC,665,No.cull,2,43.73,5.33,2.721,2.522,0.199,0.07890563,0.000636336
ML,Final,34,MC,665,No.cull,1,37.81,7.67,2.573,2.372,0.201,0.084738617,0.000683376
ML,Final,47,MC,142,No.cull,9,31.17,7.31,0.236,0.217,0.019,0.087557604,0.00070611
ML,Final,34,MC,665,No.cull,3,40.68,6.71,3.232,2.97,0.262,0.088215488,0.000711415
ML,Final,47,MC,1,No.cull,9,33.19,9.25,2.816,2.578,0.238,0.092319628,0.000744513
ML,Final,34,MC,665,No.cull,5,32.54,7.72,2.137,1.956,0.181,0.092535787,0.000746256
ML,Final,28,MC,606,No.cull,1,41.96,7.99,3.185,2.783,0.402,0.144448437,0.001164907
ML,Final,34,MC,665,No.cull,10,24.27,7.61,1.741,1.511,0.23,0.152217075,0.001227557
ML,Final,28,MC,212,No.cull,9,40.03,10.09,3.46,2.9978,0.4622,0.154179732,0.001243385
ML,Final,34,MC,665,No.cull,6,37.62,7.21,2.784,2.352,0.432,0.183673469,0.001481238
ML,Final,28,MC,606,No.cull,4,22.31,6.34,5.391,4.445,0.946,0.212823397,0.001716318
ML,Final,47,MC,18,No.cull,10,30.95,5.4,1.638,1.347,0.291,0.216035635,0.001742223
ML,Final,28,MC,212,No.cull,6,37.97,8.71,2.344,1.893,0.451,0.23824617,0.00192134
ML,Final,37,MC+CC,545,No.cull,9,21.61,5.66,0.897,0.85,0.047,0.055294118,0.00044592
ML,Final,37,MC+CC,520,No.cull,2,26.36,6.73,1.024,0.968,0.056,0.05785124,0.000466542
ML,Final,37,MC+CC,545,No.cull,1,33.87,5.48,1.252,1.183,0.069,0.058326289,0.000470373
ML,Final,37,MC+CC,545,No.cull,2,18.84,5.53,0.796,0.751,0.045,0.059920107,0.000483227
ML,Final,37,MC+CC,514,No.cull,2,32.69,7.58,2.014,1.897,0.117,0.061676331,0.00049739
ML,Final,37,MC+CC,520,No.cull,9,31.52,9.84,2.325,2.186,0.139,0.063586459,0.000512794
ML,Final,37,MC+CC,514,No.cull,8,19.05,5.98,0.989,0.929,0.06,0.064585576,0.000520851
ML,Final,37,MC+CC,520,No.cull,10,29.08,6.7,1.081,1.013,0.068,0.067127345,0.00054135
ML,Final,37,MC+CC,545,No.cull,6,30.36,6.22,1.102,1.031,0.071,0.068865179,0.000555364
ML,Final,37,MC+CC,514,No.cull,5,40.63,6.38,2.138,1.996,0.142,0.071142285,0.000573728
ML,Final,37,MC+CC,514,No.cull,1,18.51,9.22,1.647,1.535,0.112,0.072964169,0.000588421
ML,Final,37,MC+CC,520,No.cull,4,33.6,6.15,1.87,1.742,0.128,0.07347876,0.000592571
ML,Final,37,MC+CC,545,No.cull,7,39.81,8.07,2.07,1.926,0.144,0.074766355,0.000602954
ML,Final,37,MC+CC,514,No.cull,9,33.14,6.89,1.117,1.037,0.08,0.077145612,0.000622142
ML,Final,37,MC+CC,514,No.cull,10,33.33,6.69,1.361,1.257,0.104,0.082736675,0.000667231
ML,Final,37,MC+CC,520,No.cull,6,37.09,6.57,1.942,1.783,0.159,0.089175547,0.000719158
ML,Final,45,NP,458,No.cull,8,38.71,9.33,2.934,2.862,0.072,0.025157233,0.000202881
ML,Final,26,NP,580,No.cull,4,30.65,6.76,1.434,1.392,0.042,0.030172414,0.000243326
ML,Final,26,NP,601,No.cull,3,25.32,5.68,1.35,1.308,0.042,0.032110092,0.000258952
ML,Final,45,NP,458,No.cull,10,23.96,5.58,0.894,0.859,0.035,0.040745052,0.000328589
ML,Final,45,NP,100,No.cull,2,33.29,7.03,1.706,1.627,0.079,0.048555624,0.000391578
ML,Final,45,NP,100,No.cull,5,35.32,8.94,2.479,2.363,0.116,0.04909014,0.000395888
ML,Final,45,NP,100,No.cull,8,31.82,7.15,1.76,1.677,0.083,0.049493143,0.000399138
ML,Final,26,NP,580,No.cull,9,25.02,6.99,1.031,0.979,0.052,0.053115424,0.00042835
ML,Final,45,NP,100,No.cull,6,31.09,8.31,1.889,1.793,0.096,0.05354155,0.000431787
ML,Final,45,NP,458,No.cull,6,41.89,9.91,3.244,3.075,0.169,0.05495935,0.000443221
ML,Final,45,NP,115,No.cull,1,22.53,7.26,1.223,1.158,0.065,0.056131261,0.000452671
ML,Final,45,NP,458,No.cull,5,38.63,8.47,2.839,2.687,0.152,0.056568664,0.000456199
ML,Final,26,NP,601,No.cull,1,43.32,5.24,2.48,2.345,0.135,0.057569296,0.000464269
ML,Final,45,NP,100,No.cull,3,41.43,9.29,3.141,2.969,0.172,0.057931964,0.000467193
ML,Final,45,NP,100,No.cull,9,34.04,7.75,1.975,1.863,0.112,0.060118089,0.000484823
ML,Final,45,NP,115,No.cull,5,26.9,7.79,1.426,1.344,0.082,0.061011905,0.000492031
ML,Final,26,NP,601,No.cull,8,33.81,7.28,1.886,1.777,0.109,0.061339336,0.000494672
ML,Final,45,NP,115,No.cull,7,37.33,7.07,1.767,1.664,0.103,0.061899038,0.000499186
ML,Final,26,NP,580,No.cull,10,32.54,6.28,1.47,1.384,0.086,0.062138728,0.000501119
ML,Final,26,NP,601,No.cull,9,33.27,8.97,2.452,2.308,0.144,0.062391681,0.000503159
ML,Final,26,NP,592,No.cull,4,29.6,5.7,1.18,1.11,0.07,0.063063063,0.000508573
ML,Final,26,NP,601,No.cull,7,31.15,8.93,2.204,2.072,0.132,0.063706564,0.000513763
ML,Final,45,NP,100,No.cull,10,39.36,9.75,3.843,3.612,0.231,0.063953488,0.000515754
ML,Final,45,NP,458,No.cull,2,39.11,6.47,2.357,2.213,0.144,0.065070041,0.000524758
ML,Final,26,NP,601,No.cull,5,33.19,6.55,1.729,1.623,0.106,0.065311152,0.000526703
ML,Final,26,NP,592,No.cull,10,37.82,10.36,2.314,2.171,0.143,0.065868263,0.000531196
ML,Final,45,NP,458,No.cull,1,54.9,8.2,5.895,5.529,0.366,0.066196419,0.000533842
ML,Final,45,NP,115,No.cull,8,42.57,6.88,2.516,2.359,0.157,0.066553624,0.000536723
ML,Final,45,NP,115,No.cull,10,39.76,8.52,2.898,2.712,0.186,0.068584071,0.000553097
ML,Final,26,NP,592,No.cull,6,26.97,6.21,1.052,0.984,0.068,0.069105691,0.000557304
ML,Final,45,NP,458,No.cull,9,34.61,5.89,1.759,1.644,0.115,0.069951338,0.000564124
ML,Final,26,NP,601,No.cull,6,19.66,4.71,0.443,0.414,0.029,0.070048309,0.000564906
ML,Final,26,NP,592,No.cull,2,30.28,6.26,1.846,1.725,0.121,0.070144928,0.000565685
ML,Final,26,NP,592,No.cull,7,31.35,7.06,1.491,1.393,0.098,0.070351759,0.000567353
ML,Final,45,NP,115,No.cull,3,34.38,7.5,1.689,1.577,0.112,0.071020926,0.000572749
ML,Final,26,NP,580,No.cull,7,29.97,7.6,1.807,1.687,0.12,0.071132187,0.000573647
ML,Final,26,NP,580,No.cull,5,33.03,9.27,2.914,2.72,0.194,0.071323529,0.00057519
ML,Final,26,NP,580,No.cull,6,43.72,6.13,1.619,1.507,0.112,0.074319841,0.000599354
ML,Final,26,NP,580,No.cull,8,26,5.27,1.327,1.234,0.093,0.075364668,0.00060778
ML,Final,26,NP,592,No.cull,5,38.29,6.58,2.242,2.083,0.159,0.076332213,0.000615582
ML,Final,26,NP,580,No.cull,1,25.31,9.41,1.175,1.09,0.085,0.077981651,0.000628884
ML,Final,26,NP,601,No.cull,2,42.68,6.83,2.83,2.625,0.205,0.078095238,0.0006298
ML,Final,26,NP,580,No.cull,2,38.43,6.98,2.021,1.861,0.16,0.085975282,0.000693349
ML,Final,26,NP,592,No.cull,3,34.93,6.16,1.233,1.133,0.1,0.088261253,0.000711784
ML,Final,26,NP,592,No.cull,8,37.83,9.13,3.236,2.954,0.282,0.095463778,0.000769869
ML,Final,26,NP,580,No.cull,3,37.14,5.48,1.535,1.354,0.181,0.133677991,0.001078048
ML,Final,26,NP,592,No.cull,9,39.4,9.28,4.167,3.665,0.502,0.136971351,0.001104608
PF,Final,54,CC,407,Adult.cull,4,36.92,8.44,4.073,3.855,0.218,0.056549935,0.000456048
PF,Final,54,CC,404,Adult.cull,1,45.82,8.75,5.855,5.494,0.361,0.065708045,0.000529904
PF,Final,70,MC,579,Adult.cull,2,24.75,7.01,2.007,1.918,0.089,0.046402503,0.000374214
PF,Final,53,MC,477,Adult.cull,3,42.32,7.81,4.575,4.348,0.227,0.052207912,0.000421032
PF,Final,70,MC,402,Adult.cull,1,26.39,6.32,0.916,0.866,0.05,0.057736721,0.000465619
PF,Final,58,NP,383,Adult.cull,2,40.51,9.08,2.803,2.661,0.142,0.053363397,0.00043035
PF,Final,54,CC,413,Juv.Adult.cull,2,35.27,6.33,2.811,2.568,0.243,0.094626168,0.000763114
PF,Final,70,MC,552,Juv.Adult.cull,1,48.47,17.27,6.988,6.614,0.374,0.056546719,0.000456022
PF,Final,53,MC,363,Juv.Adult.cull,3,50.71,9.39,6.448,6.041,0.407,0.067372951,0.00054333
PF,Final,54,CC,51,Juv.cull,3,45.18,9.94,4.316,4.163,0.153,0.036752342,0.00029639
PF,Final,54,CC,51,Juv.cull,8,38.65,8.26,3.185,2.917,0.268,0.091875214,0.000740929
PF,Final,54,CC,51,Juv.cull,10,34.26,7,2.402,2.137,0.265,0.124005615,0.001000045
PF,Final,53,MC,468,Juv.cull,1,44.06,9.16,4.485,4.219,0.266,0.063048116,0.000508453
PF,Final,53,MC,468,Juv.cull,6,33.29,8.43,3.039,2.856,0.183,0.06407563,0.000516739
PF,Final,53,MC,468,Juv.cull,8,46.89,9.24,4.791,4.498,0.293,0.065140062,0.000525323
PF,Final,53,MC,468,Juv.cull,7,49.26,13.17,5.516,5.168,0.348,0.067337461,0.000543044
PF,Final,53,MC,468,Juv.cull,3,47.18,9.45,4.147,3.824,0.323,0.084466527,0.000681182
PF,Final,54,CC,25,No.cull,9,35.38,7.02,3.813,3.67,0.143,0.038964578,0.00031423
PF,Final,54,CC,25,No.cull,10,36.04,4.99,3.22,3.091,0.129,0.041734067,0.000336565
PF,Final,54,CC,27,No.cull,8,35.46,5.54,2.621,2.513,0.108,0.042976522,0.000346585
PF,Final,54,CC,27,No.cull,4,39.76,6.76,3.263,3.127,0.136,0.043492165,0.000350743
PF,Final,54,CC,27,No.cull,5,36.38,4.33,2.647,2.535,0.112,0.04418146,0.000356302
PF,Final,54,CC,27,No.cull,1,31.3,4.2,1.815,1.738,0.077,0.044303797,0.000357289
PF,Final,54,CC,27,No.cull,7,30.33,3.68,0.941,0.9,0.041,0.045555556,0.000367384
PF,Final,54,CC,27,No.cull,6,34.9,5.28,2.724,2.603,0.121,0.046484825,0.000374878
PF,Final,54,CC,25,No.cull,8,30.58,4.33,2.835,2.708,0.127,0.04689808,0.00037821
PF,Final,54,CC,25,No.cull,5,33.16,5.24,2.135,2.037,0.098,0.048109966,0.000387984
PF,Final,54,CC,27,No.cull,3,49.09,5.47,4.214,4.017,0.197,0.049041573,0.000395497
PF,Final,54,CC,27,No.cull,10,31.2,6.55,2.237,2.131,0.106,0.049741905,0.000401144
PF,Final,54,CC,25,No.cull,7,37.25,8.03,3.527,3.359,0.168,0.050014885,0.000403346
PF,Final,54,CC,25,No.cull,1,42.88,6.97,4.693,4.469,0.224,0.05012307,0.000404218
PF,Final,54,CC,25,No.cull,3,42.07,7.07,3.719,3.541,0.178,0.050268286,0.000405389
PF,Final,54,CC,25,No.cull,6,23.2,4.48,1.415,1.346,0.069,0.051263001,0.000413411
PF,Final,54,CC,25,No.cull,4,41.96,5.77,3.644,3.46,0.184,0.053179191,0.000428864
PF,Final,54,CC,27,No.cull,2,47.32,4.53,3.673,3.479,0.194,0.05576315,0.000449703
PF,Final,54,CC,25,No.cull,2,44.56,5.23,3.394,3.208,0.186,0.05798005,0.000467581
PF,Final,54,CC,27,No.cull,9,38.52,5.46,3.298,2.941,0.357,0.121387283,0.00097893
PF,Final,53,MC,362,No.cull,10,30.56,8.19,1.823,1.75,0.073,0.041714286,0.000336406
PF,Final,53,MC,362,No.cull,6,34.56,10.13,3.22,3.048,0.172,0.056430446,0.000455084
PF,Final,53,MC,362,No.cull,9,38.05,10.19,3.176,2.986,0.19,0.063630275,0.000513147
PF,Final,53,MC,362,No.cull,7,49.11,11.2,3.939,3.695,0.244,0.066035183,0.000532542
PF,Final,53,MC,362,No.cull,2,44.11,7.6,2.798,2.615,0.183,0.06998088,0.000564362
PF,Final,53,MC,362,No.cull,1,53.35,8.25,5.358,4.983,0.375,0.07525587,0.000606902
PF,Final,59,MC+CC,270,No.cull,9,38.27,10.64,4.151,3.954,0.197,0.049822964,0.000401798
PF,Final,59,MC+CC,270,No.cull,3,52.22,6.18,5.036,4.791,0.245,0.05113755,0.0004124
PF,Final,59,MC+CC,270,No.cull,7,46.13,10.06,3.988,3.779,0.209,0.055305636,0.000446013
PF,Final,59,MC+CC,270,No.cull,2,45.89,8.14,3.787,3.587,0.2,0.0557569,0.000449652
PF,Final,59,MC+CC,270,No.cull,10,52.84,9.69,4.985,4.716,0.269,0.057039864,0.000459999
PF,Final,59,MC+CC,270,No.cull,5,55.02,7.31,5.059,4.774,0.285,0.059698366,0.000481438
PF,Final,59,MC+CC,270,No.cull,6,25.54,7.69,1.506,1.418,0.088,0.062059238,0.000500478
PF,Final,59,MC+CC,270,No.cull,8,59.07,7.49,7.248,6.811,0.437,0.064160916,0.000517427
PF,Final,59,MC+CC,270,No.cull,4,36.44,9.93,6.318,5.922,0.396,0.066869301,0.000539269
PF,Final,58,NP,320,No.cull,10,30.18,7.63,1.879,1.79,0.089,0.04972067,0.000400973
PF,Final,58,NP,320,No.cull,1,36.31,7.94,2.344,2.228,0.116,0.052064632,0.000419876
PF,Final,58,NP,320,No.cull,4,57.88,7.17,7.364,6.936,0.428,0.061707036,0.000497637
PF,Final,58,NP,320,No.cull,3,56.67,14.47,5.151,4.844,0.307,0.063377374,0.000511108
PF,Final,58,NP,320,No.cull,7,43.26,15.44,3.744,3.506,0.238,0.067883628,0.000547449
PF,Final,58,NP,320,No.cull,2,58.73,8.41,7.539,7.054,0.485,0.068755316,0.000554478
PF,Final,58,NP,320,No.cull,8,48.96,9.84,4.332,4.048,0.284,0.070158103,0.000565791
PF,Final,58,NP,320,No.cull,9,31.33,7.84,1.421,1.321,0.1,0.075700227,0.000610486
SIN,Final,3,CC,294,Adult.cull,NA,30.46,4.78,0.871,0.827,0.044,0.053204353,0.000429067
SIN,Final,3,CC,293,Adult.cull,4,33.44,4.22,0.941,0.891,0.05,0.056116723,0.000452554
SIN,Final,17,CC,23,Adult.cull,3,38.61,7.01,2.218,2.083,0.135,0.06481037,0.000522664
SIN,Final,17,CC,741,Adult.cull,NA,24.26,4.79,0.814,0.762,0.052,0.06824147,0.000550334
SIN,Final,17,CC,804,Adult.cull,2,37.57,6.92,1.986,1.85,0.136,0.073513514,0.000592851
SIN,Final,20,MC,84,Adult.cull,9,46.2,11.03,4.971,4.738,0.233,0.049176868,0.000396588
SIN,Final,20,MC,84,Adult.cull,3,52.13,7.62,5.693,5.424,0.269,0.049594395,0.000399955
SIN,Final,21,MC,813,Adult.cull,10,31.96,5.94,1.967,1.873,0.094,0.050186866,0.000404733
SIN,Final,20,MC,673,Adult.cull,4,37.83,8.15,3.301,3.14,0.161,0.051273885,0.000413499
SIN,Final,20,MC,639,Adult.cull,3,49.55,5.88,9.766,9.288,0.478,0.051464255,0.000415034
SIN,Final,20,MC,84,Adult.cull,2,52.34,8.65,5.216,4.952,0.264,0.053311793,0.000429934
SIN,Final,20,MC,84,Adult.cull,10,36.53,13.3,4.08,3.867,0.213,0.055081458,0.000444205
SIN,Final,20,MC,642,Adult.cull,3,52.38,4.82,7.175,6.778,0.397,0.05857185,0.000472354
SIN,Final,20,MC,84,Adult.cull,6,54.72,11.4,6.018,5.68,0.338,0.059507042,0.000479896
SIN,Final,20,MC,84,Adult.cull,4,37.39,7.33,5.456,5.141,0.315,0.061272126,0.00049413
SIN,Final,20,MC,84,Adult.cull,1,47.42,8.44,4.721,4.443,0.278,0.062570335,0.000504599
SIN,Final,20,MC,84,Adult.cull,5,55.98,10.83,8.817,8.295,0.522,0.062929476,0.000507496
SIN,Final,6,MC,411,Adult.cull,10,33.6,5.3,1.324,1.244,0.08,0.064308682,0.000518618
SIN,Final,21,MC,643,Adult.cull,6,50.66,9.1,4.238,3.979,0.259,0.065091732,0.000524933
SIN,Final,20,MC,84,Adult.cull,7,49.65,11.05,4.188,3.926,0.262,0.06673459,0.000538182
SIN,Final,21,MC,807,Adult.cull,2,42.28,6.91,2.679,2.499,0.18,0.072028812,0.000580878
SIN,Final,6,MC,795,Adult.cull,7,43.16,8.25,2.711,2.517,0.194,0.077075884,0.00062158
SIN,Final,20,MC,84,Adult.cull,8,20.49,6.09,1.154,1.053,0.101,0.095916429,0.00077352
SIN,Final,6,MC,783,Adult.cull,4,41.16,8.61,4.469,3.411,1.058,0.31017297,0.002501395
SIN,Final,12,MC+CC,652,Adult.cull,8,53.13,9.81,4.934,4.652,0.282,0.060619089,0.000488864
SIN,Final,5,MC+CC,757,Adult.cull,9,37.69,7.39,2.347,2.208,0.139,0.062952899,0.000507685
SIN,Final,5,MC+CC,49,Adult.cull,1,37.69,4.84,1.645,1.547,0.098,0.063348416,0.000510874
SIN,Final,12,MC+CC,619,Adult.cull,4,45,8.73,6.022,5.586,0.436,0.078052274,0.000629454
SIN,Final,12,MC+CC,659,Adult.cull,1,40.18,7.41,2.266,2.096,0.17,0.08110687,0.000654088
SIN,Final,18,MC+CC,289,Adult.cull,2,33.06,6.71,1.313,1.202,0.111,0.09234609,0.000744727
SIN,Final,5,MC+CC,739,Adult.cull,9,25.65,5.73,1.399,1.235,0.164,0.132793522,0.001070916
SIN,Final,18,MC+CC,825,Adult.cull,1,40.29,6.81,1.936,1.335,0.601,0.450187266,0.003630542
SIN,Final,19,NP,871,Adult.cull,2,43.34,7.9,4.271,4.059,0.212,0.052229613,0.000421207
SIN,Final,4,NP,832,Adult.cull,4,38.4,6.96,3.228,3.035,0.193,0.063591433,0.000512834
SIN,Final,4,NP,788,Adult.cull,3,33.01,7.21,2.006,1.881,0.125,0.066454014,0.000535919
SIN,Final,19,NP,853,Adult.cull,4,33.55,5.62,1.04,0.961,0.079,0.082206035,0.000662952
SIN,Final,3,CC,686,Juv.Adult.cull,1,35.33,4.33,2.023,1.916,0.107,0.055845511,0.000450367
SIN,Final,3,CC,695,Juv.Adult.cull,10,35.29,6.1,1.231,1.162,0.069,0.059380379,0.000478874
SIN,Final,3,CC,690,Juv.Adult.cull,8,30.11,5.18,0.977,0.921,0.056,0.060803474,0.000490351
SIN,Final,17,CC,801,Juv.Adult.cull,8,34.47,4.58,1.248,1.176,0.072,0.06122449,0.000493746
SIN,Final,17,CC,798,Juv.Adult.cull,1,37.46,6.01,1.891,1.772,0.119,0.067155756,0.000541579
SIN,Final,21,MC,810,Juv.Adult.cull,2,31.39,4.6,1.214,1.162,0.052,0.04475043,0.000360891
SIN,Final,6,MC,787,Juv.Adult.cull,10,24.7,5.27,0.607,0.577,0.03,0.051993068,0.000419299
SIN,Final,21,MC,815,Juv.Adult.cull,9,29.33,5.92,1.202,1.142,0.06,0.052539405,0.000423705
SIN,Final,6,MC,780,Juv.Adult.cull,7,36.03,4.93,1.305,1.237,0.068,0.054971706,0.00044332
SIN,Final,20,MC,660,Juv.Adult.cull,1,46.55,7.41,4.428,4.186,0.242,0.057811753,0.000466224
SIN,Final,6,MC,779,Juv.Adult.cull,1,34.52,3.03,2.093,1.976,0.117,0.059210526,0.000477504
SIN,Final,21,MC,809,Juv.Adult.cull,6,45.99,6.3,2.293,2.125,0.168,0.079058824,0.000637571
SIN,Final,5,MC+CC,874,Juv.Adult.cull,7,32.76,6.25,1.458,1.377,0.081,0.058823529,0.000474383
SIN,Final,5,MC+CC,32,Juv.Adult.cull,3,39.01,6.92,2.331,2.189,0.142,0.064869804,0.000523144
SIN,Final,12,MC+CC,621,Juv.Adult.cull,1,36.38,6.43,1.553,1.458,0.095,0.06515775,0.000525466
SIN,Final,5,MC+CC,758,Juv.Adult.cull,9,40.05,6.52,2.916,2.732,0.184,0.067349927,0.000543145
SIN,Final,12,MC+CC,674,Juv.Adult.cull,1,39.77,7.48,4.879,4.595,0.284,0.061806311,0.000498438
SIN,Final,12,MC+CC,612,Juv.Adult.cull,2,38.8,6.37,3.762,3.443,0.319,0.092651757,0.000747192
SIN,Final,19,NP,60,Juv.Adult.cull,2,45.53,9.39,5.495,5.178,0.317,0.061220548,0.000493714
SIN,Final,4,NP,839,Juv.Adult.cull,4,33.01,7.58,2.462,2.319,0.143,0.061664511,0.000497294
SIN,Final,4,NP,796,Juv.Adult.cull,6,37.97,7.04,2.407,2.257,0.15,0.066459903,0.000535967
SIN,Final,4,NP,837,Juv.Adult.cull,1,36.18,7.08,2.307,2.155,0.152,0.070533643,0.00056882
SIN,Final,19,NP,870,Juv.Adult.cull,NA,46.95,6.93,4.008,3.728,0.28,0.075107296,0.000605704
SIN,Final,19,NP,851,Juv.Adult.cull,3,46.01,8.67,4.607,3.248,1.359,0.41841133,0.003374285
SIN,Final,3,CC,685,Juv.cull,10,12.94,4.06,0.162,0.157,0.005,0.031847134,0.000256832
SIN,Final,3,CC,685,Juv.cull,3,17.33,4.09,0.396,0.383,0.013,0.033942559,0.00027373
SIN,Final,3,CC,685,Juv.cull,1,23.13,5.45,0.74,0.711,0.029,0.040787623,0.000328932
SIN,Final,17,CC,45,Juv.cull,5,42.84,9.11,2.218,2.091,0.127,0.06073649,0.00048981
SIN,Final,3,CC,702,Juv.cull,1,35.11,6.44,1.333,1.256,0.077,0.061305732,0.000494401
SIN,Final,17,CC,45,Juv.cull,4,33.54,7.59,1.888,1.776,0.112,0.063063063,0.000508573
SIN,Final,17,CC,34,Juv.cull,5,35.4,6.03,1.971,1.853,0.118,0.063680518,0.000513553
SIN,Final,3,CC,702,Juv.cull,4,33.36,5.64,1.299,1.215,0.084,0.069135802,0.000557547
SIN,Final,17,CC,45,Juv.cull,1,44.17,8.34,3.052,2.844,0.208,0.073136428,0.00058981
SIN,Final,3,CC,683,Juv.cull,7,31.73,5.23,1.123,0.789,0.334,0.423320659,0.003413876
SIN,Final,20,MC,631,Juv.cull,7,29.62,9.48,1.718,1.702,0.016,0.009400705,7.58E-05
SIN,Final,21,MC,814,Juv.cull,5,38.89,6.79,2.823,2.693,0.13,0.048273301,0.000389301
SIN,Final,20,MC,631,Juv.cull,2,39.05,9.89,3.275,3.123,0.152,0.04867115,0.000392509
SIN,Final,21,MC,641,Juv.cull,4,22.12,3.72,0.611,0.579,0.032,0.055267703,0.000445707
SIN,Final,20,MC,618,Juv.cull,1,60.69,7.35,6.412,6.071,0.341,0.056168671,0.000452973
SIN,Final,20,MC,631,Juv.cull,6,42.58,9.49,3.432,3.246,0.186,0.057301294,0.000462107
SIN,Final,21,MC,811,Juv.cull,4,45.63,6.05,4.867,4.6,0.267,0.058043478,0.000468093
SIN,Final,21,MC,641,Juv.cull,1,45.62,6.59,4.399,4.157,0.242,0.058215059,0.000469476
SIN,Final,6,MC,782,Juv.cull,8,33.34,6.18,1.361,1.284,0.077,0.059968847,0.00048362
SIN,Final,21,MC,814,Juv.cull,6,44.02,6.92,2.883,2.719,0.164,0.060316293,0.000486422
SIN,Final,20,MC,631,Juv.cull,4,51.09,8.37,5.072,4.771,0.301,0.063089499,0.000508786
SIN,Final,6,MC,47,Juv.cull,1,32.5,5.29,1.244,1.169,0.075,0.064157399,0.000517398
SIN,Final,21,MC,814,Juv.cull,2,39.04,7.52,2.039,1.914,0.125,0.065308255,0.000526679
SIN,Final,21,MC,811,Juv.cull,6,37.18,5.02,1.677,1.574,0.103,0.065438374,0.000527729
SIN,Final,20,MC,644,Juv.cull,1,49.85,8.23,6.142,5.757,0.385,0.066875109,0.000539315
SIN,Final,20,MC,618,Juv.cull,6,62.08,7.51,5.914,5.543,0.371,0.066931265,0.000539768
SIN,Final,20,MC,644,Juv.cull,2,51.14,6.89,5.104,4.779,0.325,0.068005859,0.000548434
SIN,Final,20,MC,618,Juv.cull,8,57.92,7.82,6.275,5.872,0.403,0.06863079,0.000553474
SIN,Final,21,MC,641,Juv.cull,8,24.58,4.75,0.885,0.827,0.058,0.070133011,0.000565589
SIN,Final,6,MC,772,Juv.cull,10,29.22,5.96,1.104,1.031,0.073,0.070805044,0.000571008
SIN,Final,6,MC,47,Juv.cull,9,47.73,7.73,4.108,3.826,0.282,0.073706221,0.000594405
SIN,Final,20,MC,644,Juv.cull,6,56.11,9.82,2.102,1.957,0.145,0.074092999,0.000597524
SIN,Final,6,MC,772,Juv.cull,7,47.54,5.7,2.452,2.278,0.174,0.076382792,0.00061599
SIN,Final,6,MC,782,Juv.cull,4,39.23,5.69,2.159,1.993,0.166,0.08329152,0.000671706
SIN,Final,6,MC,772,Juv.cull,1,37.14,6.04,2.279,2.098,0.181,0.086272641,0.000695747
SIN,Final,5,MC+CC,855,Juv.cull,8,29.83,4.63,1.026,0.977,0.049,0.050153531,0.000404464
SIN,Final,12,MC+CC,636,Juv.cull,10,35.18,5.58,1.389,1.319,0.07,0.053070508,0.000427988
SIN,Final,18,MC+CC,288,Juv.cull,4,40.23,8.78,2.794,2.642,0.152,0.057532173,0.000463969
SIN,Final,5,MC+CC,855,Juv.cull,7,37.56,5.6,1.895,1.789,0.106,0.059250978,0.00047783
SIN,Final,12,MC+CC,633,Juv.cull,3,41.73,8.69,2.895,2.727,0.168,0.061606161,0.000496824
SIN,Final,18,MC+CC,805,Juv.cull,10,24.03,6.15,0.869,0.817,0.052,0.063647491,0.000513286
SIN,Final,18,MC+CC,288,Juv.cull,2,37.4,6.41,3.103,2.914,0.189,0.0648593,0.000523059
SIN,Final,12,MC+CC,633,Juv.cull,2,31.24,3.03,1.251,1.172,0.079,0.067406143,0.000543598
SIN,Final,12,MC+CC,633,Juv.cull,5,50.25,7.97,3.429,3.208,0.221,0.068890274,0.000555567
SIN,Final,5,MC+CC,856,Juv.cull,4,31.11,5.95,1.071,1,0.071,0.071,0.000572581
SIN,Final,5,MC+CC,740,Juv.cull,5,38.99,6.06,2.256,2.106,0.15,0.071225071,0.000574396
SIN,Final,18,MC+CC,805,Juv.cull,6,41.18,5.56,2.379,2.215,0.164,0.074040632,0.000597102
SIN,Final,18,MC+CC,805,Juv.cull,7,24.63,6.59,0.751,0.697,0.054,0.077474892,0.000624798
SIN,Final,12,MC+CC,633,Juv.cull,9,35.71,5.8,1.407,1.305,0.102,0.07816092,0.00063033
SIN,Final,12,MC+CC,617,Juv.cull,10,44.2,7.42,2.621,2.426,0.195,0.080379225,0.00064822
SIN,Final,18,MC+CC,288,Juv.cull,8,37.77,8.99,3.478,3.21,0.268,0.083489097,0.000673299
SIN,Final,18,MC+CC,288,Juv.cull,3,44.88,8.63,3.865,3.567,0.298,0.083543594,0.000673739
SIN,Final,12,MC+CC,617,Juv.cull,5,47.25,8.48,3.603,3.312,0.291,0.087862319,0.000708567
SIN,Final,5,MC+CC,740,Juv.cull,3,36.75,6.9,2.583,2.367,0.216,0.091254753,0.000735925
SIN,Final,12,MC+CC,636,Juv.cull,5,47.87,9.25,5.506,4.933,0.573,0.116156497,0.000936746
SIN,Final,5,MC+CC,740,Juv.cull,4,40.47,7.4,3.611,3.224,0.387,0.120037221,0.000968042
SIN,Final,12,MC+CC,636,Juv.cull,6,45.98,9.4,2.824,2.431,0.393,0.161661868,0.001303725
SIN,Final,5,MC+CC,740,Juv.cull,10,41.19,6.17,2.804,2.375,0.429,0.180631579,0.001456706
SIN,Final,12,MC+CC,636,Juv.cull,3,43.81,6.62,2.523,2.056,0.467,0.227140078,0.001831775
SIN,Final,12,MC+CC,617,Juv.cull,9,43.19,6.51,3.033,2.253,0.78,0.34620506,0.002791976
SIN,Final,4,NP,833,Juv.cull,5,26.41,6.23,1.161,1.102,0.059,0.05353902,0.000431766
SIN,Final,19,NP,58,Juv.cull,1,37.66,8.72,1.951,1.844,0.107,0.05802603,0.000467952
SIN,Final,19,NP,58,Juv.cull,10,33.52,6.45,1.919,1.811,0.108,0.05963556,0.000480932
SIN,Final,19,NP,58,Juv.cull,4,50.58,6.61,3.489,3.282,0.207,0.063071298,0.00050864
SIN,Final,4,NP,792,Juv.cull,5,34.94,6.73,1.338,1.257,0.081,0.064439141,0.00051967
SIN,Final,4,NP,833,Juv.cull,6,37.12,5.1,1.493,1.402,0.091,0.064907275,0.000523446
SIN,Final,19,NP,591,Juv.cull,1,39,8.36,3.589,3.366,0.223,0.066250743,0.00053428
SIN,Final,4,NP,833,Juv.cull,3,41.84,7.26,3.284,3.078,0.206,0.066926576,0.00053973
SIN,Final,4,NP,786,Juv.cull,7,40.75,6.85,1.981,1.856,0.125,0.067349138,0.000543138
SIN,Final,19,NP,872,Juv.cull,2,39.64,7.56,2.339,2.191,0.148,0.067549064,0.000544751
SIN,Final,4,NP,792,Juv.cull,9,28.92,5.86,0.926,0.867,0.059,0.06805075,0.000548796
SIN,Final,4,NP,786,Juv.cull,6,44.69,6.48,2.663,2.487,0.176,0.070767994,0.00057071
SIN,Final,19,NP,872,Juv.cull,6,49.83,7.95,5.458,5.083,0.375,0.07377533,0.000594962
SIN,Final,19,NP,872,Juv.cull,1,45.82,7.55,3.492,3.218,0.274,0.085146053,0.000686662
SIN,Final,19,NP,591,Juv.cull,5,30.75,7.49,2.393,2.164,0.229,0.105822551,0.000853408
SIN,Final,19,NP,872,Juv.cull,10,27.34,5.57,1.27,1.004,0.266,0.264940239,0.002136615
SIN,Final,17,CC,849,No.cull,5,27.86,6.49,1.079,1.065,0.014,0.01314554,0.000106012
SIN,Final,3,CC,682,No.cull,8,19.06,3.93,0.442,0.427,0.015,0.035128806,0.000283297
SIN,Final,3,CC,698,No.cull,2,25.13,4.75,0.583,0.561,0.022,0.039215686,0.000316256
SIN,Final,3,CC,682,No.cull,1,30.69,5.15,1.215,1.169,0.046,0.039349872,0.000317338
SIN,Final,3,CC,698,No.cull,6,28.26,6.61,1.314,1.263,0.051,0.040380048,0.000325646
SIN,Final,3,CC,682,No.cull,4,25.06,5.01,1.115,1.07,0.045,0.042056075,0.000339162
SIN,Final,3,CC,682,No.cull,3,33.2,5.64,1.309,1.255,0.054,0.043027888,0.000346999
SIN,Final,17,CC,41,No.cull,8,39.95,6.31,2.24,2.144,0.096,0.044776119,0.000361098
SIN,Final,3,CC,698,No.cull,5,15.56,2.92,0.3,0.287,0.013,0.045296167,0.000365292
SIN,Final,3,CC,697,No.cull,4,33.55,5.49,1.188,1.135,0.053,0.046696035,0.000376581
SIN,Final,3,CC,682,No.cull,7,31.69,5.5,1.014,0.967,0.047,0.04860393,0.000391967
SIN,Final,3,CC,698,No.cull,10,17.56,4.07,0.314,0.299,0.015,0.050167224,0.000404574
SIN,Final,17,CC,21,No.cull,1,38.41,5.73,2.856,2.719,0.137,0.050386171,0.00040634
SIN,Final,17,CC,41,No.cull,NA,15.21,5.11,0.5,0.476,0.024,0.050420168,0.000406614
SIN,Final,3,CC,697,No.cull,10,23.55,5.79,0.908,0.862,0.046,0.053364269,0.000430357
SIN,Final,3,CC,682,No.cull,9,27.04,7.46,1.515,1.438,0.077,0.053546592,0.000431827
SIN,Final,17,CC,41,No.cull,5,39.98,6.94,2.664,2.527,0.137,0.054214484,0.000437214
SIN,Final,3,CC,697,No.cull,3,27,4.14,0.713,0.676,0.037,0.054733728,0.000441401
SIN,Final,3,CC,697,No.cull,2,18.55,5.6,0.685,0.649,0.036,0.055469954,0.000447338
SIN,Final,3,CC,697,No.cull,7,28.99,7.7,1.619,1.531,0.088,0.057478772,0.000463538
SIN,Final,3,CC,697,No.cull,8,34.87,7.81,2.765,2.614,0.151,0.057765876,0.000465854
SIN,Final,3,CC,698,No.cull,3,27.93,5.55,1.093,1.033,0.06,0.058083253,0.000468413
SIN,Final,3,CC,682,No.cull,6,23.84,5.83,1.301,1.229,0.072,0.058584215,0.000472453
SIN,Final,17,CC,41,No.cull,10,35.65,6.34,1.933,1.825,0.108,0.059178082,0.000477243
SIN,Final,3,CC,682,No.cull,5,40.64,5.2,2.199,2.075,0.124,0.059759036,0.000481928
SIN,Final,17,CC,849,No.cull,10,31.27,5.24,1.157,1.091,0.066,0.060494959,0.000487863
SIN,Final,17,CC,849,No.cull,8,37.89,7.35,2.074,1.952,0.122,0.0625,0.000504032
SIN,Final,3,CC,698,No.cull,4,29.82,4.64,0.878,0.826,0.052,0.062953995,0.000507694
SIN,Final,3,CC,698,No.cull,9,20.55,3.01,0.287,0.27,0.017,0.062962963,0.000507766
SIN,Final,17,CC,21,No.cull,2,41.48,6.87,3.543,3.333,0.21,0.063006301,0.000508115
SIN,Final,3,CC,682,No.cull,10,26,3.57,0.863,0.811,0.052,0.064118372,0.000517084
SIN,Final,17,CC,41,No.cull,3,47.61,6.68,5.343,5.019,0.324,0.064554692,0.000520602
SIN,Final,3,CC,697,No.cull,1,39.8,6.42,2.521,2.365,0.156,0.065961945,0.000531951
SIN,Final,17,CC,21,No.cull,8,52.05,6.43,4.121,3.864,0.257,0.066511387,0.000536382
SIN,Final,17,CC,849,No.cull,1,44.18,7.29,3.683,3.446,0.237,0.068775392,0.00055464
SIN,Final,3,CC,698,No.cull,7,16.86,4.48,0.377,0.068,0.309,4.544117647,0.03664611
SIN,Final,6,MC,791,No.cull,9,21.29,4.48,0.388,0.38,0.008,0.021052632,0.000169779
SIN,Final,21,MC,812,No.cull,6,22.92,5.74,0.914,0.878,0.036,0.041002278,0.000330664
SIN,Final,21,MC,808,No.cull,1,29.35,5.67,0.848,0.813,0.035,0.043050431,0.000347181
SIN,Final,6,MC,414,No.cull,10,20.18,3.55,0.424,0.406,0.018,0.044334975,0.00035754
SIN,Final,21,MC,816,No.cull,6,20.24,4.76,0.815,0.778,0.037,0.047557841,0.000383531
SIN,Final,21,MC,808,No.cull,7,22.85,3.7,0.522,0.498,0.024,0.048192771,0.000388651
SIN,Final,6,MC,791,No.cull,8,24.05,4.71,0.674,0.643,0.031,0.048211509,0.000388802
SIN,Final,21,MC,812,No.cull,4,33.47,7.6,2.455,2.342,0.113,0.04824936,0.000389108
SIN,Final,21,MC,816,No.cull,9,24.39,4.33,0.801,0.76,0.041,0.053947368,0.000435059
SIN,Final,21,MC,812,No.cull,9,37.66,8.67,3.026,2.87,0.156,0.054355401,0.00043835
SIN,Final,20,MC,667,No.cull,4,44.24,11.78,5.651,5.359,0.292,0.054487778,0.000439418
SIN,Final,21,MC,808,No.cull,8,33.43,8.09,3.071,2.909,0.162,0.05568924,0.000449107
SIN,Final,20,MC,646,No.cull,1,61.21,7.52,9.06,8.579,0.481,0.056067141,0.000452154
SIN,Final,20,MC,667,No.cull,8,49.37,11.77,5.097,4.826,0.271,0.056154165,0.000452856
SIN,Final,6,MC,791,No.cull,7,28.5,5.92,1.069,1.012,0.057,0.056324111,0.000454227
SIN,Final,21,MC,808,No.cull,4,41.79,7.52,3.81,3.605,0.205,0.056865465,0.000458592
SIN,Final,20,MC,646,No.cull,6,28.83,6.24,2.439,2.306,0.133,0.057675629,0.000465126
SIN,Final,20,MC,667,No.cull,6,47.37,10.08,6.55,6.189,0.361,0.058329294,0.000470398
SIN,Final,21,MC,808,No.cull,2,40.05,7.08,4.948,4.669,0.279,0.059755836,0.000481902
SIN,Final,20,MC,667,No.cull,7,48.13,12.48,5.784,5.457,0.327,0.059923035,0.00048325
SIN,Final,21,MC,816,No.cull,5,33.73,5.88,1.906,1.797,0.109,0.06065665,0.000489167
SIN,Final,21,MC,816,No.cull,7,32.37,7.43,1.426,1.343,0.083,0.061801936,0.000498403
SIN,Final,20,MC,646,No.cull,7,40.38,7.6,3.662,3.444,0.218,0.06329849,0.000510472
SIN,Final,20,MC,667,No.cull,2,58.07,7.36,7.839,7.366,0.473,0.064213956,0.000517854
SIN,Final,20,MC,667,No.cull,3,60.92,8.9,8.289,7.784,0.505,0.06487667,0.000523199
SIN,Final,6,MC,414,No.cull,4,30.69,4.41,0.869,0.816,0.053,0.06495098,0.000523798
SIN,Final,6,MC,791,No.cull,1,36.69,4.29,2.259,2.119,0.14,0.0660689,0.000532814
SIN,Final,20,MC,646,No.cull,10,47.8,9.41,5.289,4.953,0.336,0.067837674,0.000547078
SIN,Final,21,MC,812,No.cull,1,33.37,5.95,1.615,1.51,0.105,0.069536424,0.000560778
SIN,Final,21,MC,816,No.cull,1,39,8.67,3.76,3.512,0.248,0.070615034,0.000569476
SIN,Final,6,MC,414,No.cull,3,20.66,4.21,0.464,0.433,0.031,0.071593533,0.000577367
SIN,Final,6,MC,785,No.cull,1,34.55,5.46,1.353,1.261,0.092,0.07295797,0.000588371
SIN,Final,20,MC,667,No.cull,5,50.68,8.89,4.155,3.871,0.284,0.073366055,0.000591662
SIN,Final,6,MC,785,No.cull,6,31.05,6.66,1.945,1.808,0.137,0.075774336,0.000611083
SIN,Final,21,MC,812,No.cull,3,43.64,8.08,2.289,2.118,0.171,0.080736544,0.000651101
SIN,Final,6,MC,785,No.cull,3,25.34,5.44,0.784,0.717,0.067,0.093444909,0.000753588
SIN,Final,6,MC,791,No.cull,4,27.33,5.21,1.203,1.097,0.106,0.096627165,0.000779251
SIN,Final,6,MC,785,No.cull,2,43.2,4.54,3.033,2.655,0.378,0.142372881,0.001148168
SIN,Final,6,MC,791,No.cull,6,43.72,5.67,2.927,2.291,0.636,0.277608031,0.002238774
SIN,Final,6,MC,785,No.cull,8,20.93,5.31,0.821,0.639,0.182,0.284820031,0.002296936
SIN,Final,20,MC,667,No.cull,10,38.32,11.97,2.843,1.767,1.076,0.608941709,0.00491082
SIN,Final,18,MC+CC,803,No.cull,1,14.93,3.29,0.173,0.172,0.001,0.005813953,4.69E-05
SIN,Final,5,MC+CC,31,No.cull,6,40.76,6.24,1.657,1.614,0.043,0.026641884,0.000214854
SIN,Final,18,MC+CC,263,No.cull,1,33.8,6.25,1.22,1.177,0.043,0.03653356,0.000294625
SIN,Final,5,MC+CC,759,No.cull,3,34.2,5.75,1.683,1.6,0.083,0.051875,0.000418347
SIN,Final,5,MC+CC,31,No.cull,4,28.45,7.26,1.752,1.662,0.09,0.054151625,0.000436707
SIN,Final,5,MC+CC,759,No.cull,6,25.98,5.68,1.209,1.146,0.063,0.054973822,0.000443337
SIN,Final,18,MC+CC,263,No.cull,2,32.51,6.78,1.199,1.135,0.064,0.056387665,0.000454739
SIN,Final,18,MC+CC,263,No.cull,10,22.59,5.54,0.466,0.441,0.025,0.056689342,0.000457172
SIN,Final,5,MC+CC,31,No.cull,9,33.52,7.67,2.239,2.112,0.127,0.060132576,0.00048494
SIN,Final,5,MC+CC,747,No.cull,7,28.92,7.08,1.338,1.262,0.076,0.06022187,0.00048566
SIN,Final,18,MC+CC,283,No.cull,7,45.54,7.11,3.835,3.61,0.225,0.06232687,0.000502636
SIN,Final,5,MC+CC,31,No.cull,1,39.52,5.6,2.152,2.02,0.132,0.065346535,0.000526988
SIN,Final,5,MC+CC,31,No.cull,5,51.25,6.51,3.22,3.02,0.2,0.066225166,0.000534074
SIN,Final,18,MC+CC,263,No.cull,9,39.46,5.83,1.342,1.244,0.098,0.078778135,0.000635308
SIN,Final,5,MC+CC,31,No.cull,8,35.34,6.52,1.828,1.644,0.184,0.111922141,0.000902598
SIN,Final,18,MC+CC,803,No.cull,5,24.23,5.8,1.117,0.959,0.158,0.164754953,0.001328669
SIN,Final,5,MC+CC,759,No.cull,1,19.63,5.4,0.758,0.632,0.126,0.199367089,0.001607799
SIN,Final,5,MC+CC,759,No.cull,2,33.09,5.77,2.001,1.514,0.487,0.321664465,0.002594068
SIN,Final,18,MC+CC,803,No.cull,10,19.11,4.07,0.637,0.397,0.24,0.604534005,0.004875274
SIN,Final,12,MC+CC,632,No.cull,7,46.54,9.27,7.071,6.796,0.275,0.040464979,0.00032633
SIN,Final,12,MC+CC,655,No.cull,10,21.22,5.78,0.582,0.559,0.023,0.041144902,0.000331814
SIN,Final,12,MC+CC,637,No.cull,8,28.61,7.55,1.741,1.669,0.072,0.043139605,0.0003479
SIN,Final,12,MC+CC,655,No.cull,8,19.93,5.67,1.085,1.037,0.048,0.046287367,0.000373285
SIN,Final,12,MC+CC,655,No.cull,9,17.01,4.6,0.468,0.447,0.021,0.046979866,0.00037887
SIN,Final,12,MC+CC,655,No.cull,3,41.83,8.89,3.964,3.784,0.18,0.04756871,0.000383619
SIN,Final,12,MC+CC,632,No.cull,2,41.24,10.21,3.059,2.917,0.142,0.048680151,0.000392582
SIN,Final,12,MC+CC,637,No.cull,9,23.71,4.86,0.916,0.873,0.043,0.049255441,0.000397221
SIN,Final,12,MC+CC,655,No.cull,2,33.39,5.2,1.201,1.143,0.058,0.050743657,0.000409223
SIN,Final,12,MC+CC,637,No.cull,7,52.66,10.41,3.705,3.52,0.185,0.052556818,0.000423845
SIN,Final,12,MC+CC,637,No.cull,3,51.87,7.03,4.414,4.188,0.226,0.053963706,0.000435191
SIN,Final,12,MC+CC,632,No.cull,4,23.96,5.08,0.896,0.85,0.046,0.054117647,0.000436433
SIN,Final,12,MC+CC,637,No.cull,4,37.95,7.83,2.455,2.328,0.127,0.054553265,0.000439946
SIN,Final,12,MC+CC,637,No.cull,6,46.33,9.68,3.029,2.869,0.16,0.05576856,0.000449746
SIN,Final,12,MC+CC,655,No.cull,4,24.96,7.32,1.516,1.435,0.081,0.056445993,0.00045521
SIN,Final,12,MC+CC,632,No.cull,5,43.18,7.48,3.558,3.365,0.193,0.057355126,0.000462541
SIN,Final,12,MC+CC,655,No.cull,7,30.37,10.22,2.221,2.098,0.123,0.058627264,0.000472801
SIN,Final,12,MC+CC,655,No.cull,6,48.73,10.44,4.624,4.367,0.257,0.058850469,0.000474601
SIN,Final,12,MC+CC,632,No.cull,3,36.91,4.48,1.648,1.555,0.093,0.059807074,0.000482315
SIN,Final,12,MC+CC,655,No.cull,5,44.72,7.16,4.05,3.816,0.234,0.061320755,0.000494522
SIN,Final,12,MC+CC,655,No.cull,1,51.76,7.98,5.64,5.302,0.338,0.063749528,0.000514109
SIN,Final,12,MC+CC,637,No.cull,10,43.11,7.04,3.374,3.156,0.218,0.069074778,0.000557055
SIN,Final,12,MC+CC,632,No.cull,1,52.48,7.49,3.972,3.664,0.308,0.084061135,0.000677912
SIN,Final,12,MC+CC,637,No.cull,1,49.59,9.43,6.351,5.167,1.184,0.229146507,0.001847956
SIN,Final,19,NP,859,No.cull,3,48.1,10.29,6.337,6.216,0.121,0.019465894,0.000156983
SIN,Final,4,NP,774,No.cull,7,28.86,8.73,1.673,1.594,0.079,0.049560853,0.000399684
SIN,Final,4,NP,774,No.cull,5,30.88,11.67,1.918,1.822,0.096,0.052689352,0.000424914
SIN,Final,19,NP,859,No.cull,8,41.89,7.47,4.771,4.52,0.251,0.055530973,0.00044783
SIN,Final,4,NP,838,No.cull,3,33.58,6.28,2.668,2.527,0.141,0.055797388,0.000449979
SIN,Final,4,NP,766,No.cull,3,33.38,6.66,2.205,2.086,0.119,0.05704698,0.000460056
SIN,Final,19,NP,859,No.cull,4,38.92,6.77,2.332,2.201,0.131,0.059518401,0.000479987
SIN,Final,19,NP,850,No.cull,5,34.83,6.37,1.406,1.324,0.082,0.061933535,0.000499464
SIN,Final,4,NP,838,No.cull,1,34.52,5.34,1.55,1.459,0.091,0.062371487,0.000502996
SIN,Final,4,NP,774,No.cull,9,40.64,9.21,4.057,3.818,0.239,0.062598219,0.000504824
SIN,Final,4,NP,838,No.cull,9,40.82,6.59,2.321,2.182,0.139,0.063703025,0.000513734
SIN,Final,4,NP,774,No.cull,8,42.06,9.07,4.225,3.962,0.263,0.066380616,0.000535328
SIN,Final,4,NP,774,No.cull,3,45.52,6.76,4.493,4.213,0.28,0.066460954,0.000535975
SIN,Final,19,NP,850,No.cull,10,41.99,9.2,3.264,3.053,0.211,0.069112349,0.000557358
SIN,Final,4,NP,766,No.cull,9,34.96,6.44,2.242,2.097,0.145,0.0691464,0.000557632
SIN,Final,4,NP,838,No.cull,10,33.8,6.77,1.584,1.481,0.103,0.069547603,0.000560868
SIN,Final,19,NP,859,No.cull,7,54.29,9.36,3.909,3.654,0.255,0.069786535,0.000562795
SIN,Final,4,NP,774,No.cull,6,48,7.59,2.759,2.575,0.184,0.071456311,0.000576261
SIN,Final,19,NP,850,No.cull,2,31.71,7.28,1.597,1.49,0.107,0.071812081,0.00057913
SIN,Final,19,NP,850,No.cull,9,42.21,9.09,3.086,2.824,0.262,0.092776204,0.000748195
SIN,Final,19,NP,850,No.cull,6,53.01,6.93,3.917,3.561,0.356,0.099971918,0.000806225
SIN,Final,4,NP,774,No.cull,10,27.88,7.43,2.136,1.93,0.206,0.106735751,0.000860772
SIN,Final,19,NP,859,No.cull,9,44.98,6.9,0.993,0.846,0.147,0.173758865,0.001401281
SIN,Final,4,NP,838,No.cull,8,31.93,5.84,1.944,1.537,0.407,0.264801561,0.002135496
PF,Adult,49,CC,539,Adult.cull,5,26.66,5.18,0.856,0.819,0.037,0.045177045,0.000586715
PF,Adult,49,CC,525,Adult.cull,4,30.03,7.52,2.045,1.954,0.091,0.046571136,0.00060482
PF,Adult,59,CC,251,Adult.cull,2,41.05,9.46,3.144,2.993,0.151,0.050451052,0.000655208
PF,Adult,69,CC,291,Adult.cull,4,33.65,6.79,2.22,2.113,0.107,0.050638902,0.000657648
PF,Adult,59,CC,267,Adult.cull,2,44.7,8.28,4.339,4.089,0.25,0.061139643,0.000794021
PF,Adult,69,CC,262,Adult.cull,4,39.86,6.44,3.998,3.408,0.59,0.173122066,0.002248339
PF,Adult,61,MC,470,Adult.cull,7,39.21,9.43,3.095,2.938,0.157,0.053437713,0.000693996
PF,Adult,61,MC,367,Adult.cull,3,42,6.29,3.378,3.173,0.205,0.064607627,0.00083906
PF,Adult,61,MC,309,Adult.cull,2,47.32,7.13,5.317,4.287,1.03,0.240261255,0.003120276
PF,Adult,65,MC+CC,231,Adult.cull,4,40.36,9.07,3.816,3.638,0.178,0.048927982,0.000635428
PF,Adult,65,MC+CC,12,Adult.cull,10,34.99,9.15,3.944,3.412,0.532,0.155920281,0.002024939
PF,Adult,50,MC+CC,235,Adult.cull,4,34.32,5.72,2.019,1.717,0.302,0.175888177,0.002284262
PF,Adult,50,MC+CC,274,Adult.cull,2,36.29,8.12,3.007,2.09,0.917,0.438755981,0.00569813
PF,Adult,60,NP,393,Adult.cull,2,40.3,5.48,4.228,4.036,0.192,0.047571853,0.000617816
PF,Adult,49,CC,530,Juv.Adult.cull,3,28.47,5.91,1.286,1.231,0.055,0.044679123,0.000580248
PF,Adult,49,CC,531,Juv.Adult.cull,3,32.82,6.14,1.433,1.369,0.064,0.046749452,0.000607136
PF,Adult,59,CC,273,Juv.Adult.cull,2,35.71,6.89,2.352,2.234,0.118,0.052820054,0.000685975
PF,Adult,59,CC,254,Juv.Adult.cull,2,36.4,8.43,3.314,3.132,0.182,0.058109834,0.000754673
PF,Adult,69,CC,265,Juv.Adult.cull,4,38.96,7.04,3.834,3.532,0.302,0.085503964,0.001110441
PF,Adult,69,CC,279,Juv.Adult.cull,1,40.65,6.11,5.483,4.261,1.222,0.286787139,0.003724508
PF,Adult,70,MC,561,Juv.Adult.cull,3,37.27,6.24,3.16,3.018,0.142,0.047051027,0.000611052
PF,Adult,61,MC,304,Juv.Adult.cull,3,41.72,5.55,2.916,2.752,0.164,0.059593023,0.000773935
PF,Adult,61,MC,472,Juv.Adult.cull,1,43.17,6.57,3.673,3.461,0.212,0.061253973,0.000795506
PF,Adult,61,MC,462,Juv.Adult.cull,NA,29.61,8.73,2.022,1.853,0.169,0.091203454,0.00118446
PF,Adult,70,MC,551,Juv.Adult.cull,3,37.4,6.87,3.154,2.886,0.268,0.092862093,0.001206001
PF,Adult,50,MC+CC,275,Juv.Adult.cull,2,29.81,4.99,1.496,1.44,0.056,0.038888889,0.000505051
PF,Adult,65,MC+CC,216,Juv.Adult.cull,1,48.41,8.03,4.976,4.755,0.221,0.046477392,0.000603602
PF,Adult,65,MC+CC,220,Juv.Adult.cull,5,48.11,7.28,3.134,2.991,0.143,0.047810097,0.00062091
PF,Adult,50,MC+CC,286,Juv.Adult.cull,7,32.94,6.51,2.227,2.119,0.108,0.050967437,0.000661915
PF,Adult,60,NP,372,Juv.Adult.cull,2,40.29,7.23,3.486,3.319,0.167,0.05031636,0.000653459
PF,Adult,60,NP,372,Juv.Adult.cull,5,33.83,8.01,2.831,2.693,0.138,0.051243966,0.000665506
PF,Adult,49,CC,528,Juv.cull,8,21.09,2.9,0.919,0.889,0.03,0.033745782,0.000438257
PF,Adult,49,CC,490,Juv.cull,6,29.57,5.74,1.3,1.254,0.046,0.036682616,0.000476398
PF,Adult,49,CC,528,Juv.cull,9,21.09,5.09,0.717,0.691,0.026,0.037626628,0.000488658
PF,Adult,49,CC,528,Juv.cull,10,33.4,6.51,1.788,1.723,0.065,0.037724898,0.000489934
PF,Adult,49,CC,528,Juv.cull,7,25.61,5.28,0.902,0.868,0.034,0.039170507,0.000508708
PF,Adult,69,CC,300,Juv.cull,3,33.06,5.2,1.917,1.844,0.073,0.039587852,0.000514128
PF,Adult,49,CC,490,Juv.cull,2,35.75,7.16,2.236,2.146,0.09,0.04193849,0.000544656
PF,Adult,59,CC,244,Juv.cull,5,28.95,7.58,1.592,1.525,0.067,0.043934426,0.000570577
PF,Adult,49,CC,490,Juv.cull,8,30.68,6.74,1.705,1.632,0.073,0.044730392,0.000580914
PF,Adult,59,CC,244,Juv.cull,10,36.95,8.5,2.616,2.503,0.113,0.045145825,0.000586309
PF,Adult,59,CC,244,Juv.cull,6,34.68,9.77,2.766,2.642,0.124,0.046934141,0.000609534
PF,Adult,69,CC,300,Juv.cull,1,30.2,6.32,1.363,1.301,0.062,0.04765565,0.000618905
PF,Adult,59,CC,271,Juv.cull,3,46.22,9.19,4.238,4.04,0.198,0.049009901,0.000636492
PF,Adult,59,CC,271,Juv.cull,6,28.97,8.4,2.529,2.41,0.119,0.049377593,0.000641267
PF,Adult,59,CC,244,Juv.cull,3,40.86,6.39,2.477,2.358,0.119,0.050466497,0.000655409
PF,Adult,49,CC,528,Juv.cull,5,31.78,5.06,1.364,1.298,0.066,0.050847458,0.000660357
PF,Adult,59,CC,271,Juv.cull,8,34.53,8.47,3.07,2.92,0.15,0.051369863,0.000667141
PF,Adult,69,CC,300,Juv.cull,7,31.89,9.02,2.777,2.639,0.138,0.052292535,0.000679124
PF,Adult,59,CC,244,Juv.cull,7,32.95,8.74,2.09,1.985,0.105,0.052896725,0.00068697
PF,Adult,59,CC,244,Juv.cull,2,43.71,8.66,3.797,3.602,0.195,0.054136591,0.000703073
PF,Adult,69,CC,282,Juv.cull,4,39.91,8.22,3.382,3.206,0.176,0.054897068,0.000712949
PF,Adult,69,CC,300,Juv.cull,4,39.33,6.12,2.511,2.379,0.132,0.055485498,0.000720591
PF,Adult,69,CC,300,Juv.cull,2,26.18,5.04,0.821,0.773,0.048,0.062095731,0.000806438
PF,Adult,59,CC,271,Juv.cull,1,41.38,7.55,3.076,2.868,0.208,0.072524407,0.000941875
PF,Adult,69,CC,282,Juv.cull,1,34.97,8.02,2.522,2.185,0.337,0.15423341,0.002003031
PF,Adult,69,CC,282,Juv.cull,9,27.02,7.84,2.002,1.714,0.288,0.168028005,0.002182182
PF,Adult,59,CC,271,Juv.cull,2,39.45,7.09,2.973,2.524,0.449,0.177892235,0.002310289
PF,Adult,69,CC,300,Juv.cull,9,31.48,6.19,1.964,1.572,0.392,0.249363868,0.003238492
PF,Adult,69,CC,282,Juv.cull,5,45.37,8.53,4.402,3.326,1.076,0.323511726,0.004201451
PF,Adult,69,CC,282,Juv.cull,8,32.75,9.95,4.258,3.126,1.132,0.36212412,0.004702911
PF,Adult,61,MC,361,Juv.cull,3,31.1,8.02,2.362,2.289,0.073,0.031891656,0.000414177
PF,Adult,70,MC,575,Juv.cull,9,30.85,8.93,2.156,2.064,0.092,0.044573643,0.000578878
PF,Adult,61,MC,361,Juv.cull,4,37.59,7.49,2.952,2.823,0.129,0.045696068,0.000593455
PF,Adult,61,MC,471,Juv.cull,6,20.49,6.6,1.05,1.003,0.047,0.046859422,0.000608564
PF,Adult,70,MC,419,Juv.cull,7,37.83,11.05,2.812,2.685,0.127,0.047299814,0.000614283
PF,Adult,61,MC,359,Juv.cull,8,39.2,7.74,3.426,3.271,0.155,0.04738612,0.000615404
PF,Adult,61,MC,471,Juv.cull,10,37.9,9.67,3.745,3.571,0.174,0.048725847,0.000632803
PF,Adult,61,MC,471,Juv.cull,3,30.19,8.78,1.39,1.325,0.065,0.049056604,0.000637099
PF,Adult,61,MC,361,Juv.cull,1,30.75,8.95,3.293,3.139,0.154,0.04906021,0.000637146
PF,Adult,70,MC,419,Juv.cull,8,42.52,9.48,3.483,3.319,0.164,0.049412474,0.00064172
PF,Adult,61,MC,471,Juv.cull,1,30.51,5.96,1.358,1.292,0.066,0.051083591,0.000663423
PF,Adult,61,MC,361,Juv.cull,7,42.38,9.04,3.442,3.274,0.168,0.051313378,0.000666408
PF,Adult,70,MC,575,Juv.cull,6,33.61,8.17,2.386,2.269,0.117,0.051564566,0.00066967
PF,Adult,70,MC,419,Juv.cull,1,39.54,8.08,2.994,2.844,0.15,0.052742616,0.000684969
PF,Adult,61,MC,471,Juv.cull,8,44.22,8.2,2.622,2.488,0.134,0.053858521,0.000699461
PF,Adult,70,MC,575,Juv.cull,1,41.33,8.57,2.991,2.838,0.153,0.053911205,0.000700146
PF,Adult,61,MC,359,Juv.cull,9,40.94,8.36,3.952,3.745,0.207,0.055273698,0.00071784
PF,Adult,61,MC,359,Juv.cull,5,28.46,8.15,1.988,1.883,0.105,0.055762082,0.000724183
PF,Adult,61,MC,361,Juv.cull,9,45.36,7.12,3.92,3.71,0.21,0.056603774,0.000735114
PF,Adult,70,MC,419,Juv.cull,9,34.24,6.47,1.427,1.35,0.077,0.057037037,0.000740741
PF,Adult,70,MC,419,Juv.cull,3,38.32,8.16,2.71,2.561,0.149,0.058180398,0.00075559
PF,Adult,70,MC,575,Juv.cull,10,43.79,7.57,2.956,2.788,0.168,0.06025825,0.000782575
PF,Adult,61,MC,359,Juv.cull,1,41.61,7.81,3.853,3.631,0.222,0.061140182,0.000794028
PF,Adult,61,MC,359,Juv.cull,4,65.41,8.17,9.202,8.641,0.561,0.064923041,0.000843156
PF,Adult,61,MC,359,Juv.cull,10,43.36,9.24,4.395,4.127,0.268,0.064938212,0.000843353
PF,Adult,61,MC,471,Juv.cull,7,31.33,8.24,1.652,1.526,0.126,0.082568807,0.001072322
PF,Adult,70,MC,575,Juv.cull,5,33.11,8.99,2.258,2.038,0.22,0.10794897,0.001401935
PF,Adult,65,MC+CC,210,Juv.cull,4,33.59,8.5,3.463,3.336,0.127,0.038069544,0.00049441
PF,Adult,65,MC+CC,210,Juv.cull,2,33.69,7.11,1.676,1.612,0.064,0.039702233,0.000515613
PF,Adult,65,MC+CC,234,Juv.cull,2,32.02,6.84,1.125,1.082,0.043,0.03974122,0.00051612
PF,Adult,65,MC+CC,234,Juv.cull,3,34.47,7.65,1.885,1.812,0.073,0.040286976,0.000523207
PF,Adult,65,MC+CC,210,Juv.cull,5,30.91,8.75,2.425,2.331,0.094,0.04032604,0.000523715
PF,Adult,65,MC+CC,210,Juv.cull,1,38.51,10.67,2.41,2.31,0.1,0.043290043,0.000562208
PF,Adult,50,MC+CC,249,Juv.cull,2,39.58,6.98,3.104,2.971,0.133,0.044766072,0.000581378
PF,Adult,65,MC+CC,234,Juv.cull,6,36.13,9.9,2.999,2.868,0.131,0.04567643,0.0005932
PF,Adult,50,MC+CC,249,Juv.cull,6,35.84,10.24,2.61,2.49,0.12,0.048192771,0.00062588
PF,Adult,50,MC+CC,249,Juv.cull,10,37.02,8.03,2.521,2.402,0.119,0.049542048,0.000643403
PF,Adult,50,MC+CC,334,Juv.cull,6,34.07,9.01,2.418,2.301,0.117,0.050847458,0.000660357
PF,Adult,50,MC+CC,334,Juv.cull,7,32.74,7.63,2.136,2.031,0.105,0.051698671,0.000671411
PF,Adult,50,MC+CC,249,Juv.cull,3,22.93,6.47,1.156,1.099,0.057,0.051865332,0.000673576
PF,Adult,50,MC+CC,249,Juv.cull,9,44.17,6.44,2.52,2.395,0.125,0.052192067,0.000677819
PF,Adult,65,MC+CC,234,Juv.cull,8,40.87,8.75,3.51,3.329,0.181,0.054370682,0.000706113
PF,Adult,65,MC+CC,234,Juv.cull,1,37.59,7.51,3.562,3.378,0.184,0.054470101,0.000707404
PF,Adult,50,MC+CC,334,Juv.cull,4,38.88,9.75,3.496,3.315,0.181,0.054600302,0.000709095
PF,Adult,50,MC+CC,334,Juv.cull,5,29.58,8.2,2.063,1.955,0.108,0.055242967,0.000717441
PF,Adult,50,MC+CC,334,Juv.cull,9,44.21,7.92,2.84,2.684,0.156,0.058122206,0.000754834
PF,Adult,65,MC+CC,210,Juv.cull,7,24.92,6.19,1.227,1.143,0.084,0.073490814,0.000954426
PF,Adult,50,MC+CC,249,Juv.cull,4,35.02,9.85,4.296,3.656,0.64,0.175054705,0.002273438
PF,Adult,65,MC+CC,210,Juv.cull,6,36.94,9.34,2.994,2.436,0.558,0.229064039,0.002974858
PF,Adult,50,MC+CC,334,Juv.cull,2,36.76,6.62,2.478,1.554,0.924,0.594594595,0.007722008
PF,Adult,60,NP,464,Juv.cull,9,40.98,9.21,3.648,3.501,0.147,0.041988003,0.000545299
PF,Adult,60,NP,339,Juv.cull,6,42.63,9.21,2.453,2.354,0.099,0.042056075,0.000546183
PF,Adult,60,NP,464,Juv.cull,6,39.87,7.7,3.024,2.896,0.128,0.044198895,0.000574012
PF,Adult,60,NP,464,Juv.cull,8,29.93,8.77,2.994,2.858,0.136,0.047585724,0.000617996
PF,Adult,60,NP,339,Juv.cull,1,46.82,7.69,4.139,3.943,0.196,0.049708344,0.000645563
PF,Adult,60,NP,339,Juv.cull,9,44.36,8.63,2.183,2.079,0.104,0.05002405,0.000649663
PF,Adult,60,NP,464,Juv.cull,7,35.96,9.14,2.777,2.638,0.139,0.052691433,0.000684304
PF,Adult,60,NP,339,Juv.cull,5,27.87,8.32,2.373,2.254,0.119,0.052795031,0.00068565
PF,Adult,60,NP,464,Juv.cull,5,51.11,7.04,4.312,4.094,0.218,0.053248657,0.000691541
PF,Adult,60,NP,339,Juv.cull,3,38.92,6.05,2.23,2.115,0.115,0.054373522,0.00070615
PF,Adult,60,NP,464,Juv.cull,10,29.96,10.11,2.612,2.266,0.346,0.152691968,0.001983013
PF,Adult,69,CC,258,No.cull,9,41.52,6.55,3.02,2.912,0.108,0.037087912,0.000481661
PF,Adult,59,CC,256,No.cull,6,31.32,7.29,2.067,1.989,0.078,0.039215686,0.000509295
PF,Adult,49,CC,538,No.cull,6,27.85,7.39,1.549,1.49,0.059,0.039597315,0.000514251
PF,Adult,59,CC,245,No.cull,6,30.4,6.94,1.731,1.662,0.069,0.041516245,0.000539172
PF,Adult,59,CC,256,No.cull,7,25.63,7.49,1.493,1.432,0.061,0.042597765,0.000553218
PF,Adult,59,CC,245,No.cull,5,34.21,6.82,1.604,1.537,0.067,0.043591412,0.000566122
PF,Adult,49,CC,543,No.cull,9,20.63,5.55,0.778,0.745,0.033,0.044295302,0.000575264
PF,Adult,49,CC,543,No.cull,6,26.26,7.77,1.478,1.414,0.064,0.045261669,0.000587814
PF,Adult,49,CC,538,No.cull,8,37.52,7.01,2.908,2.78,0.128,0.046043165,0.000597963
PF,Adult,49,CC,543,No.cull,10,31.72,6.69,1.543,1.473,0.07,0.047522064,0.00061717
PF,Adult,59,CC,256,No.cull,2,41.65,7.56,4.509,4.303,0.206,0.047873577,0.000621735
PF,Adult,49,CC,538,No.cull,2,39.13,8.22,2.185,2.084,0.101,0.048464491,0.000629409
PF,Adult,59,CC,245,No.cull,3,39.08,8.53,3.802,3.626,0.176,0.048538334,0.000630368
PF,Adult,49,CC,538,No.cull,4,38.01,8.6,3.007,2.866,0.141,0.049197488,0.000638928
PF,Adult,59,CC,256,No.cull,10,33.17,8.29,2.148,2.047,0.101,0.049340498,0.000640786
PF,Adult,59,CC,245,No.cull,1,36.52,8.83,3.232,3.08,0.152,0.049350649,0.000640918
PF,Adult,69,CC,284,No.cull,5,27.48,10.07,1.207,1.15,0.057,0.049565217,0.000643704
PF,Adult,59,CC,245,No.cull,10,31.13,7.28,1.944,1.852,0.092,0.049676026,0.000645143
PF,Adult,49,CC,543,No.cull,8,28.9,7.49,1.682,1.602,0.08,0.049937578,0.00064854
PF,Adult,49,CC,538,No.cull,1,37.08,6.63,2.196,2.091,0.105,0.050215208,0.000652146
PF,Adult,69,CC,258,No.cull,5,23.07,5.45,0.749,0.713,0.036,0.050490884,0.000655726
PF,Adult,59,CC,256,No.cull,9,40.39,9.13,4.156,3.956,0.2,0.050556117,0.000656573
PF,Adult,59,CC,245,No.cull,2,41.3,8.07,3.496,3.325,0.171,0.051428571,0.000667904
PF,Adult,59,CC,245,No.cull,9,33.4,6.07,1.71,1.626,0.084,0.051660517,0.000670916
PF,Adult,49,CC,543,No.cull,4,37.39,6.83,2.05,1.949,0.101,0.051821447,0.000673006
PF,Adult,49,CC,538,No.cull,7,25.49,6.86,1.131,1.075,0.056,0.052093023,0.000676533
PF,Adult,49,CC,543,No.cull,3,34.95,8.92,2.307,2.192,0.115,0.052463504,0.000681344
PF,Adult,49,CC,538,No.cull,9,32.89,7.86,1.638,1.556,0.082,0.052699229,0.000684406
PF,Adult,69,CC,258,No.cull,8,29.24,7.39,1.999,1.898,0.101,0.053213909,0.00069109
PF,Adult,49,CC,538,No.cull,5,24.35,7.14,1.231,1.168,0.063,0.053938356,0.000700498
PF,Adult,49,CC,543,No.cull,2,46.2,8.72,4.021,3.814,0.207,0.054273728,0.000704854
PF,Adult,49,CC,538,No.cull,3,40.21,9.89,2.661,2.524,0.137,0.054278922,0.000704921
PF,Adult,69,CC,284,No.cull,6,31.55,6.84,1.601,1.517,0.084,0.055372446,0.000719123
PF,Adult,59,CC,256,No.cull,5,22.96,4.21,0.659,0.624,0.035,0.056089744,0.000728438
PF,Adult,49,CC,543,No.cull,1,36.03,6.15,1.612,1.525,0.087,0.05704918,0.000740898
PF,Adult,69,CC,284,No.cull,8,42.25,5.71,3.46,3.272,0.188,0.057457213,0.000746198
PF,Adult,49,CC,538,No.cull,10,36.37,7.86,2.454,2.314,0.14,0.060501296,0.000785731
PF,Adult,69,CC,284,No.cull,2,40.43,6.14,3.057,2.882,0.175,0.060721721,0.000788594
PF,Adult,69,CC,284,No.cull,10,38.05,8.99,5.032,4.74,0.292,0.061603376,0.000800044
PF,Adult,69,CC,258,No.cull,4,37.42,7.77,2.813,2.641,0.172,0.065126846,0.000845803
PF,Adult,59,CC,245,No.cull,7,18.41,5.02,0.617,0.577,0.04,0.06932409,0.000900313
PF,Adult,69,CC,258,No.cull,1,39.7,6.91,3.21,2.999,0.211,0.070356786,0.000913724
PF,Adult,69,CC,284,No.cull,1,41.75,7.29,3.016,2.811,0.205,0.072927784,0.000947114
PF,Adult,69,CC,284,No.cull,3,24.54,6.52,0.801,0.742,0.059,0.079514825,0.00103266
PF,Adult,69,CC,258,No.cull,7,27.49,8.48,1.953,1.807,0.146,0.080796901,0.00104931
PF,Adult,69,CC,258,No.cull,2,39.86,7.56,3.146,2.899,0.247,0.085201794,0.001106517
PF,Adult,69,CC,284,No.cull,7,51.03,9.87,4.839,4.443,0.396,0.089128967,0.001157519
PF,Adult,59,CC,245,No.cull,8,41.35,7.99,3.097,2.8,0.297,0.106071429,0.001377551
PF,Adult,69,CC,258,No.cull,10,35.67,9.16,3.037,2.587,0.45,0.173946656,0.002259047
PF,Adult,69,CC,258,No.cull,3,38.03,6.02,2.761,2.332,0.429,0.183962264,0.00238912
PF,Adult,69,CC,284,No.cull,4,41.43,9.92,4.231,3.513,0.718,0.204383718,0.002654334
PF,Adult,69,CC,284,No.cull,9,40.04,10.65,4.239,3.256,0.983,0.301904177,0.003920833
PF,Adult,70,MC,566,No.cull,5,32.22,9.68,2.062,2.031,0.031,0.015263417,0.000198226
PF,Adult,70,MC,566,No.cull,9,33.69,8.83,2.031,1.952,0.079,0.040471311,0.000525601
PF,Adult,70,MC,570,No.cull,6,44.32,7.41,2.912,2.795,0.117,0.041860465,0.000543642
PF,Adult,70,MC,566,No.cull,7,31.82,6.96,2.027,1.944,0.083,0.042695473,0.000554487
PF,Adult,70,MC,570,No.cull,7,34.93,12.43,3.658,3.508,0.15,0.042759407,0.000555317
PF,Adult,70,MC,570,No.cull,3,44.61,13.37,3.978,3.814,0.164,0.042999476,0.000558435
PF,Adult,61,MC,370,No.cull,5,28.66,7.64,1.559,1.494,0.065,0.043507363,0.000565031
PF,Adult,61,MC,370,No.cull,1,49.9,10.51,4.083,3.91,0.173,0.044245524,0.000574617
PF,Adult,61,MC,370,No.cull,7,35.97,5.74,1.59,1.522,0.068,0.044678055,0.000580234
PF,Adult,61,MC,370,No.cull,2,37.21,9.94,2.023,1.936,0.087,0.044938017,0.000583611
PF,Adult,61,MC,312,No.cull,3,33.49,5.53,1.758,1.68,0.078,0.046428571,0.000602968
PF,Adult,61,MC,312,No.cull,7,30.94,9.29,2.152,2.056,0.096,0.046692607,0.000606397
PF,Adult,61,MC,370,No.cull,10,24.76,6.83,2.078,1.985,0.093,0.046851385,0.00060846
PF,Adult,61,MC,333,No.cull,4,41.48,6.02,3.48,3.323,0.157,0.047246464,0.00061359
PF,Adult,61,MC,312,No.cull,1,42.68,6.58,2.329,2.221,0.108,0.048626745,0.000631516
PF,Adult,61,MC,312,No.cull,10,30.57,10.59,2.46,2.345,0.115,0.049040512,0.00063689
PF,Adult,70,MC,570,No.cull,5,31.71,9.13,2.266,2.16,0.106,0.049074074,0.000637326
PF,Adult,70,MC,570,No.cull,1,38.41,8.14,3.094,2.948,0.146,0.049525102,0.000643183
PF,Adult,70,MC,570,No.cull,9,40.47,9.73,4.146,3.946,0.2,0.050684237,0.000658237
PF,Adult,61,MC,312,No.cull,6,50.47,8.42,4.683,4.457,0.226,0.050706753,0.000658529
PF,Adult,61,MC,333,No.cull,8,38.99,7.83,3.39,3.222,0.168,0.052141527,0.000677163
PF,Adult,61,MC,370,No.cull,6,43.46,9.01,2.901,2.755,0.146,0.052994555,0.000688241
PF,Adult,70,MC,566,No.cull,1,44.44,8.38,4.561,4.33,0.231,0.05334873,0.000692841
PF,Adult,70,MC,566,No.cull,6,21.01,8.18,1.449,1.374,0.075,0.054585153,0.000708898
PF,Adult,61,MC,370,No.cull,9,41.84,6.78,3.572,3.386,0.186,0.054932073,0.000713404
PF,Adult,70,MC,570,No.cull,4,44.54,6.09,3.03,2.872,0.158,0.055013928,0.000714467
PF,Adult,61,MC,312,No.cull,4,36.67,4.83,2.048,1.937,0.111,0.057305111,0.000744222
PF,Adult,61,MC,333,No.cull,10,35.76,7.9,3.326,3.139,0.187,0.059573112,0.000773677
PF,Adult,61,MC,333,No.cull,1,52.27,7,6.134,5.789,0.345,0.059595785,0.000773971
PF,Adult,70,MC,566,No.cull,3,48.63,8.25,4.349,4.102,0.247,0.060214529,0.000782007
PF,Adult,61,MC,333,No.cull,9,39.31,9.39,3.617,3.387,0.23,0.067906702,0.000881905
PF,Adult,61,MC,333,No.cull,2,45.67,6.57,3.154,2.941,0.213,0.072424345,0.000940576
PF,Adult,70,MC,566,No.cull,8,26.17,7.7,1.886,1.756,0.13,0.074031891,0.000961453
PF,Adult,61,MC,333,No.cull,5,31.63,7.36,2.106,1.854,0.252,0.13592233,0.001765225
PF,Adult,61,MC,312,No.cull,5,36.31,12.65,4.524,3.729,0.795,0.213193886,0.002768752
PF,Adult,61,MC,312,No.cull,9,26.85,8.57,1.659,1.342,0.317,0.236214605,0.003067722
PF,Adult,61,MC,370,No.cull,3,34.73,9.68,3.494,2.824,0.67,0.237252125,0.003081196
PF,Adult,65,MC+CC,447,No.cull,10,23.52,7.72,1.935,1.88,0.055,0.029255319,0.000379939
PF,Adult,65,MC+CC,415,No.cull,4,29.27,7.09,1.981,1.91,0.071,0.037172775,0.000482763
PF,Adult,65,MC+CC,447,No.cull,2,35.53,8.87,2.42,2.329,0.091,0.039072563,0.000507436
PF,Adult,65,MC+CC,447,No.cull,6,29.1,10.14,1.924,1.85,0.074,0.04,0.000519481
PF,Adult,65,MC+CC,447,No.cull,4,39.63,6.31,2.443,2.349,0.094,0.040017029,0.000519702
PF,Adult,65,MC+CC,447,No.cull,5,38.6,9.7,3.309,3.179,0.13,0.040893363,0.000531083
PF,Adult,65,MC+CC,415,No.cull,5,30.78,7.48,1.985,1.907,0.078,0.04090194,0.000531194
PF,Adult,50,MC+CC,35,No.cull,7,37.92,8.5,2.256,2.167,0.089,0.041070605,0.000533384
PF,Adult,65,MC+CC,447,No.cull,8,32,7.69,2.081,1.997,0.084,0.042063095,0.000546274
PF,Adult,65,MC+CC,415,No.cull,1,38.46,8.09,2.838,2.723,0.115,0.042232831,0.000548478
PF,Adult,65,MC+CC,447,No.cull,1,35.99,7.61,2.604,2.497,0.107,0.042851422,0.000556512
PF,Adult,65,MC+CC,415,No.cull,2,32.11,6.61,1.379,1.322,0.057,0.04311649,0.000559954
PF,Adult,65,MC+CC,415,No.cull,6,32.9,9.72,2.253,2.159,0.094,0.043538675,0.000565437
PF,Adult,65,MC+CC,447,No.cull,7,33.46,8.48,2.262,2.167,0.095,0.043839409,0.000569343
PF,Adult,65,MC+CC,447,No.cull,3,40.9,6.6,2.486,2.374,0.112,0.047177759,0.000612698
PF,Adult,65,MC+CC,415,No.cull,3,36.26,10.02,1.924,1.837,0.087,0.047359826,0.000615063
PF,Adult,50,MC+CC,35,No.cull,9,33.72,9.96,2.481,2.368,0.113,0.047719595,0.000619735
PF,Adult,65,MC+CC,447,No.cull,9,24.68,6.54,1.326,1.265,0.061,0.048221344,0.000626251
PF,Adult,50,MC+CC,35,No.cull,5,27.66,8.75,2.083,1.984,0.099,0.049899194,0.000648041
PF,Adult,65,MC+CC,415,No.cull,10,38.09,9.71,2.653,2.526,0.127,0.050277118,0.00065295
PF,Adult,50,MC+CC,35,No.cull,6,34.11,7.18,1.472,1.399,0.073,0.052180129,0.000677664
PF,Adult,50,MC+CC,35,No.cull,8,34.44,11.09,2.55,2.422,0.128,0.052848885,0.000686349
PF,Adult,50,MC+CC,35,No.cull,1,39.5,6.8,2.664,2.53,0.134,0.052964427,0.00068785
PF,Adult,50,MC+CC,35,No.cull,2,38.47,6.31,2.296,2.178,0.118,0.054178145,0.000703612
PF,Adult,65,MC+CC,415,No.cull,7,32.03,6.75,0.85,0.804,0.046,0.05721393,0.000743038
PF,Adult,50,MC+CC,35,No.cull,4,37.52,9.03,2.323,2.19,0.133,0.060730594,0.000788709
PF,Adult,50,MC+CC,35,No.cull,10,33.48,8.09,2.532,2.125,0.407,0.191529412,0.002487395
PF,Adult,60,NP,459,No.cull,6,35.59,8.87,2.038,1.959,0.079,0.040326697,0.000523723
PF,Adult,60,NP,459,No.cull,7,36.42,10.15,2.553,2.446,0.107,0.04374489,0.000568115
PF,Adult,60,NP,381,No.cull,10,32.03,7.53,1.35,1.289,0.061,0.047323507,0.000614591
PF,Adult,60,NP,381,No.cull,8,35.21,9.27,2.408,2.299,0.109,0.047411918,0.000615739
PF,Adult,60,NP,459,No.cull,9,38.5,5.58,2.814,2.685,0.129,0.048044693,0.000623957
PF,Adult,60,NP,381,No.cull,5,45.76,8.38,2.623,2.496,0.127,0.05088141,0.000660798
PF,Adult,60,NP,381,No.cull,3,42.41,7.8,3.453,3.282,0.171,0.052102377,0.000676654
PF,Adult,60,NP,459,No.cull,8,39.89,9.73,3.929,3.731,0.198,0.053068882,0.000689206
PF,Adult,60,NP,381,No.cull,7,35.23,10.4,2.341,2.221,0.12,0.054029716,0.000701685
PF,Adult,60,NP,459,No.cull,4,38.63,8.87,3.495,3.315,0.18,0.054298643,0.000705177
PF,Adult,60,NP,381,No.cull,6,37.2,8.84,2.571,2.438,0.133,0.054552912,0.000708479
PF,Adult,60,NP,381,No.cull,4,30.21,7,1.226,1.159,0.067,0.057808456,0.000750759
PF,Adult,60,NP,381,No.cull,9,36.22,6.41,2.025,1.91,0.115,0.060209424,0.000781941
PF,Adult,60,NP,459,No.cull,1,39.29,6.22,1.918,1.764,0.154,0.087301587,0.001133787
PF,Adult,60,NP,459,No.cull,10,33.82,10.96,3.663,3.145,0.518,0.164705882,0.002139037
PF,Adult,53,MC,358,Adult.cull,1,37.32,6.83,2.604,2.467,0.137,0.055533036,0.000721208
PF,Adult,53,MC,480,Juv.Adult.cull,3,28.22,5.48,1.472,1.402,0.07,0.049928673,0.000648424
PF,Adult,53,MC,494b,Juv.cull,10,48.47,10.32,4.612,4.391,0.221,0.050330221,0.000653639
PF,Adult,53,MC,494b,Juv.cull,5,27.16,6.57,1.781,1.694,0.087,0.051357733,0.000666984
PF,Adult,53,MC,510,Juv.cull,7,29.13,5.7,1.873,1.777,0.096,0.054023635,0.000701606
PF,Adult,53,MC,510,Juv.cull,9,35.34,6.16,2.048,1.936,0.112,0.05785124,0.000751315
PF,Adult,53,MC,510,Juv.cull,2,29.83,4.91,1.114,1.051,0.063,0.059942912,0.000778479
PF,Adult,53,MC,494b,Juv.cull,6,45.19,7.48,3.537,3.33,0.207,0.062162162,0.000807301
PF,Adult,53,MC,494b,Juv.cull,7,45.26,6.92,3.097,2.899,0.198,0.068299414,0.000887005
PF,Adult,53,MC,510,Juv.cull,3,37.23,6.69,3.014,2.603,0.411,0.157894737,0.002050581
PF,Adult,53,MC,493,No.cull,9,25.78,6.12,1.5,1.442,0.058,0.040221914,0.000522363
PF,Adult,53,MC,479,No.cull,1,31.28,7.71,1.653,1.58,0.073,0.046202532,0.000600033
PF,Adult,53,MC,493,No.cull,8,39.84,8.91,4.028,3.829,0.199,0.051971794,0.000674958
PF,Adult,53,MC,493,No.cull,2,37.98,6.15,1.726,1.64,0.086,0.052439024,0.000681026
PF,Adult,53,MC,479,No.cull,6,37.17,7.78,2.853,2.709,0.144,0.053156146,0.00069034
PF,Adult,53,MC,479,No.cull,7,27.86,7.04,1.187,1.126,0.061,0.054174067,0.000703559
PF,Adult,53,MC,479,No.cull,4,36.7,6.97,1.943,1.843,0.1,0.05425936,0.000704667
PF,Adult,53,MC,493,No.cull,3,40.26,7.36,2.757,2.609,0.148,0.056726715,0.000736711
PF,Adult,53,MC,493,No.cull,4,32.71,5.63,2.097,1.983,0.114,0.057488654,0.000746606
PF,Adult,53,MC,479,No.cull,8,37.89,9.07,3.165,2.99,0.175,0.058528428,0.000760109
PF,Adult,53,MC,493,No.cull,7,34.75,9.32,3.032,2.853,0.179,0.062740974,0.000814818
PF,Adult,53,MC,479,No.cull,10,35.59,8.89,2.889,2.586,0.303,0.117169374,0.00152168
PF,Adult,53,MC,493,No.cull,10,34.51,7.41,2.974,2.646,0.328,0.123960695,0.001609879
PF,Adult,53,MC,493,No.cull,6,32.46,7.54,1.881,1.637,0.244,0.149053146,0.001935755
PF,Adult,53,MC,479,No.cull,3,41.36,7.04,2.889,2.416,0.473,0.195778146,0.002542573
PF,Adult,50,MC+CC,386,No.cull,1,41.95,6.38,3.642,3.499,0.143,0.04086882,0.000530764
PF,Adult,50,MC+CC,386,No.cull,10,28.31,6.1,1.486,1.426,0.06,0.042075736,0.000546438
PF,Adult,50,MC+CC,386,No.cull,3,40.05,7.93,2.568,2.449,0.119,0.048591262,0.000631055
PF,Adult,50,MC+CC,386,No.cull,6,23.21,9.46,1.535,1.463,0.072,0.049213944,0.000639142
PF,Adult,50,MC+CC,386,No.cull,7,34.25,9.07,1.692,1.61,0.082,0.050931677,0.00066145
PF,Adult,50,MC+CC,386,No.cull,2,37.72,7.63,1.931,1.829,0.102,0.055768179,0.000724262
PF,Adult,50,MC+CC,386,No.cull,9,25.9,7.55,2.336,1.277,1.059,0.829287392,0.010769966